LANGUAGE,ORIGINAL,ENGLISH,CZECH,GERMAN,RUSSIAN,POLISH,HUNGARIAN,ITALIAN,SPANISH,FRENCH,CHINESE,PORTUGUESE,JAPANESE,CHINESESIMP,
STR_USRACT_TRADE,Trade,Trade,Obchodovat,Handel,Торговать,Handel,Kereskedés,Scambia,Cambiar,Échanger,交易,Trocar,トレード,交易,
STR_EXPANSION_TRADER_BOUGHT_VEHICLE,You have successfully bought a vehicle!,You have successfully bought a vehicle!,Vozidlo úspěšně koupeno!,Du hast erfolgreich ein Fahrzeug gekauft!,Вы успешно купили транспорт!,Pomyślnie kupiłeś pojazd!,Vásároltál egy járművet!,Ha comprato un veicolo!,Has comprado un vehiculo de manera exitosa!,Tu as acheté un véhicule avec succès !,你成功購買了一輛車！,Você comprou um veículo com sucesso!,車両は正常に購入されました!,你成功购买了一辆车！,
STR_EXPANSION_TRADER_NO_AIR_SPAWN_POSITIONS,No air vehicle spawn positions configured!,No air vehicle spawn positions configured!,No air vehicle spawn positions configured!,Keine Luftfahrzeug-Spawnpunkte konfiguriert!,Не настроены позиции спавна воздушных транспортных средств!,No air vehicle spawn positions configured!,No air vehicle spawn positions configured!,Nessuna posizione di spawn per veicoli d'aria è stata configurata!,No hay posiciones de spawn aereas configuradas!,Aucun point d'apparition pour véhicule aérien configurée !,沒有配置飛行器生成位置！,No air vehicle spawn positions configured!,No air vehicle spawn positions configured!,没有配置飞行器生成位置！,
STR_EXPANSION_TRADER_NO_LAND_SPAWN_POSITIONS,No land vehicle spawn positions configured!,No land vehicle spawn positions configured!,No land vehicle spawn positions configured!,Keine Bodenfahrzeug-Spawnpunkte konfiguriert!,Не настроены места спавна наземных транспортных средств!!!,No land vehicle spawn positions configured!,No land vehicle spawn positions configured!,Nessuna posizione di spawn per veicoli di terra è stata configurata!,No hay posiciones de spawn terrestres configuradas!,Aucun point d'apparition pour véhicule terrestre configurée !,沒有配置陸地車輛生成位置！,No land vehicle spawn positions configured!,No land vehicle spawn positions configured!,没有配置陆地车辆生成位置！,
STR_EXPANSION_TRADER_NO_WATER_SPAWN_POSITIONS,No water vehicle spawn positions configured!,No water vehicle spawn positions configured!,No water vehicle spawn positions configured!,Keine Wasserfahrzeug-Spawnpunkte konfiguriert!,Не настроены позиции спавна водного транспорта!,No water vehicle spawn positions configured!,No water vehicle spawn positions configured!,Nessuna posizione di spawn per veicoli d'acqua è stata configurata!,No hay posiciones de spawn actuaticas configuradas!,Aucun point d'apparition pour bateaux n'est configurée !,沒有配置水上交通工俱生成位置！,No water vehicle spawn positions configured!,No water vehicle spawn positions configured!,没有配置水上交通工俱生成位置！,
STR_EXPANSION_TRADER_NOT_ENOUGH_AIR_SPAWN_POSITIONS_NEAR,Not enough air vehicle spawn positions within %1-%2m of this trader!,Not enough air vehicle spawn positions within %1-%2m of this trader!,Not enough air vehicle spawn positions within %1-%2m of this trader!,Nicht genug Luftfahrzeug-Spawnpunkte im Umkreis von %1-%2m dieses Händlers!,Недостаточно мест спавна воздушной техники в пределах %1-%2 м от этого торговца!,Not enough air vehicle spawn positions within %1-%2m of this trader!,Not enough air vehicle spawn positions within %1-%2m of this trader!,Non vi sono abbastanza punti di spawn per veicoli d'aria entro %1-%2m presso questo trader!,Not enough air vehicle spawn positions within %1-%2m of this trader!,Pas assez de point d'apparition pour véhicules aériens à moins de %1-%2m de ce trader !,在該商人的 %1-%2m 範圍內沒有足夠的飛行器生成位置！,Not enough air vehicle spawn positions within %1-%2m of this trader!,Not enough air vehicle spawn positions within %1-%2m of this trader!,在该商人的 %1-%2m 范围内没有足够的飞行器生成位置！,
STR_EXPANSION_TRADER_NOT_ENOUGH_LAND_SPAWN_POSITIONS_NEAR,Not enough land vehicle spawn positions within %1-%2m of this trader!,Not enough land vehicle spawn positions within %1-%2m of this trader!,Not enough land vehicle spawn positions within %1-%2m of this trader!,Nicht genug Bodenfahrzeug-Spawnpunkte im Umkreis von %1-%2m dieses Händlers!,В пределах %1-%2 м от этого торговца недостаточно мест спавна наземных транспортных средств!,Not enough land vehicle spawn positions within %1-%2m of this trader!,Not enough land vehicle spawn positions within %1-%2m of this trader!,Non vi sono abbastanza punti di spawn per veicoli di terra entro %1-%2m presso questo trader!,Not enough land vehicle spawn positions within %1-%2m of this trader!,Pas assez de point d'apparition pour véhicules terrestres à moins de %1-%2m de ce trader !,在該商人的 %1-%2m 範圍內沒有足夠的陸地載俱生成位置！,Not enough land vehicle spawn positions within %1-%2m of this trader!,Not enough land vehicle spawn positions within %1-%2m of this trader!,在该商人的 %1-%2m 范围内没有足够的陆地载俱生成位置！,
STR_EXPANSION_TRADER_NOT_ENOUGH_WATER_SPAWN_POSITIONS_NEAR,Not enough water vehicle spawn positions within %1-%2m of this trader!,Not enough water vehicle spawn positions within %1-%2m of this trader!,Not enough water vehicle spawn positions within %1-%2m of this trader!,Nicht genug Wasserfahrzeug-Spawnpunkte im Umkreis von %1-%2m dieses Händlers!,Недостаточно мест спавна водного транспорта в пределах %1-%2 м от этого торговца!,Not enough water vehicle spawn positions within %1-%2m of this trader!,Not enough water vehicle spawn positions within %1-%2m of this trader!,Non vi sono abbastanza punti di spawn per veicoli d'acqua entro %1-%2m presso questo trader!,Not enough water vehicle spawn positions within %1-%2m of this trader!,Pas assez de point d'apparition pour bateaux à moins de %1-%2m de ce trader !,在該商人的 %1-%2m 範圍內沒有足夠的水上交通工俱生成位置！,Not enough water vehicle spawn positions within %1-%2m of this trader!,Not enough water vehicle spawn positions within %1-%2m of this trader!,在该商人的 %1-%2m 范围内没有足够的水上交通工俱生成位置！,
STR_EXPANSION_TRADER_ANOTHER_VEHICLE_ON_SPAWN,There is another object obstructing the spawn zone.,There is another object obstructing the spawn zone.,"Je tu nějaký objekt, který blokuje spawn zónu.",Ein anderes Objekt versperrt die Spawnzone.,Какой-то объект находится в спавн-зоне.,Obiekt blokuje miejsce spawnu.,Egy objektum útban van a Spawn zónában.,Un altro oggetto ostruisce l'area di spawn!,Hay otro objeto obstruyendo la zona de aparición,Il y a un autre object qui bloque la zone de spawn.,刷新區域內有其他物體。,Um objeto está ocupando a área!,出現場所に障害物があります,刷新区域内有其他物体。,
STR_EXPANSION_TRADER_BOUGHT_ITEM,You have bought an item!,You have bought an item!,Item koupen!,Du hast einen Gegenstand gekauft!,Вы купили предмет!,Kupiłeś przedmiot!,Vásároltál egy tárgyat!,Hai acquistato un oggetto!,¡Has comprado un objeto!,Tu as acheté un objet !,你購買了一件道具！,Você comprou um item!,アイテムを購入しました!,你购买了一件道具！,
STR_EXPANSION_TRADER_SOLD_ITEM,The item has been sold!,The item has been sold!,Item prodán!,Der Gegenstand wurde verkauft!,Предмет продан!,Sprzedałeś przedmiot!,A tárgy eladásra került!,L'oggetto è stato venduto,¡El objeto ha sido vendido!,L'objet a été vendu !,該道具已被售賣！,O item foi vendido!,アイテムを売却しました!,该道具已被售卖！,
STR_EXPANSION_TRADER_PURCHASE_FAILED,Purchase of the item from the market failed,Market Purchase Failed,Market Purchase Failed,Einkauf fehlgeschlagen,Покупка не удалась,Market Purchase Failed,Market Purchase Failed,Acquisto fallito!,La compra no pudo procesarse.,L'achat d'un article du marché n'a pas pu être conclu.,市場購買失敗,Market Purchase Failed,Market Purchase Failed,市场购买失败,
STR_EXPANSION_TRADER_STOCK_CHANGED,The price has changed because someone else bought or sold this item or one of its attachments in the meantime. Please try again if you want to complete the trade at the new price.,The price has changed because someone else bought or sold this item or one of its attachments in the meantime. Please try again if you want to complete the trade at the new price.,The price has changed because someone else bought or sold this item or one of its attachments in the meantime. Please try again if you want to complete the trade at the new price.,"Der Preis hat sich geändert, da jemand anderes in der Zwischenzeit diesen Gegenstand oder eines seiner Zubehörteile gekauft oder verkauft hat. Um den Handel zum neuen Preis abzuschliessen, versuche es bitte noch einmal.","Цена изменилась, потому что кто-то другой за это время купил или продал этот предмет или одно из его аттачментов. Пожалуйста, попробуйте еще раз, если хотите завершить сделку по новой цене.",The price has changed because someone else bought or sold this item or one of its attachments in the meantime. Please try again if you want to complete the trade at the new price.,The price has changed because someone else bought or sold this item or one of its attachments in the meantime. Please try again if you want to complete the trade at the new price.,Lo stock di oggetti è cambiato! Riprova per favore!,El stock del item ha cambiado! Por favor intenta nuevamente.,Le stock de l'article du marché a changé ! Veuillez réessayer.,由於其他人在此期間購買或出售了此物品或其附件之一，因此價格發生了變化。 如果您想以新價格完成交易，請再試一次。,The price has changed because someone else bought or sold this item or one of its attachments in the meantime. Please try again if you want to complete the trade at the new price.,The price has changed because someone else bought or sold this item or one of its attachments in the meantime. Please try again if you want to complete the trade at the new price.,由于其他人在此期间购买或出售了此物品或其附件之一，因此价格发生了变化。 如果您想以新价格完成交易，请再试一次。,
STR_EXPANSION_TRADER_OUT_OF_STOCK,This item is out of stock!,This item is out of stock!,This item is out of stock!,Dieser Gegenstand ist nicht mehr verfügbar!,Этого товара нет в наличии!,This item is out of stock!,This item is out of stock!,Questo oggetto è esaurito!,El item no está en stock!,L'article n'est plus en stock !,此產品缺貨！,This item is out of stock!,This item is out of stock!,此产品缺货！,
STR_EXPANSION_TRADER_ATTACHMENT_OUT_OF_STOCK,An attachment of this item is out of stock!,An attachment of this item is out of stock!,An attachment of this item is out of stock!,Ein Zubehörteil dieses Gegenstands ist nicht mehr verfügbar!,Аттачментов этого товара нет в наличии!,An attachment of this item is out of stock!,An attachment of this item is out of stock!,Un accessorio di questo oggetto è esaurito!,Un accesorio de este item no está en stock!,Un attachment de cet article est en rupture de stock !,此商品的附件缺貨！,An attachment of this item is out of stock!,An attachment of this item is out of stock!,此商品的附件缺货！,
STR_EXPANSION_TRADER_NOT_IN_PLAYER_POSSESSION,This object is not in your possession!,This object is not in your possession!,This object is not in your possession!,Dieses Objekt gehört dir nicht!,Этот предмет не находится в вашем распоряжении!,This object is not in your possession!,This object is not in your possession!,This object is not in your possession!,Este objecto no esta en tu posesion!,Cet objet n'est pas en votre possession !,該物品不屬於您！,This object is not in your possession!,This object is not in your possession!,该物品不属于您！,
STR_EXPANSION_TRADER_NOT_ENOGH_MONEY,Not enough money in your inventory!,Not enough money in inventory!,Not enough money in inventory!,Nicht genug Geld im Inventar.,Недостаточно денег в инвентаре!,Not enough money in inventory!,Not enough money in inventory!,Non abbastanza soldi in inventario!,No tienes suficiente dinero en el inventario!,Pas assez d'argent dans votre inventaire !,存貨不夠錢！,Not enough money in inventory!,Not enough money in inventory!,存货不够钱！,
STR_EXPANSION_TRADER_RESERVATION_FAILED,Reservation of the item failed !,Market item reservation failed!,Market item reservation failed!,Kauf-Reservierung fehlgeschlagen!,Резервирование рыночного товара не удалось!,Market item reservation failed!,Market item reservation failed!,Prenotazione oggetto fallita!,La reservacion no pudo procesarse.,Échec de la réservation de l'article du marché !,市場項目預訂失敗！,Market item reservation failed!,Market item reservation failed!,市场项目预订失败！,
STR_EXPANSION_TRADER_TRANSACTION_FAILED,Transaction Failed,Market Transaction Failed,Market Transaction Failed,Transaktion fehlgeschlagen,Рыночная сделка не состоялась,Market Transaction Failed,Market Transaction Failed,Transazione fallita!,La transaccion no pudo procesarse.,Échec de la transaction du marché,市場交易失敗,Market Transaction Failed,Market Transaction Failed,市场交易失败,
STR_EXPANSION_TRADER_NONZERO,Please set a non-zero item amount!,Please set a non-zero item amount!,Please set a non-zero item amount!,Bitte gib einen Wert höher null an!,"Пожалуйста, задайте ненулевое количество товара!",Please set a non-zero item amount!,Please set a non-zero item amount!,Per favore imposta una quantità,Por favor asigna un monto mayor a 0 para este item.,Veuillez définir un montant d'article différent de zéro !,請設置一個非零項目數量！,Please set a non-zero item amount!,Please set a non-zero item amount!,请设置一个非零项目数量！,
STR_EXPANSION_TRADER_PURCHASE_SUCCESS,Purchase of the item Successful,Market Purchase Successful,Market Purchase Successful,Einkauf erfolgreich,Успешная покупка,Market Purchase Successful,Market Purchase Successful,Acquisto effettuato!,Compra realizada exitosamente.,Achat du marché réussi,市場購買成功,Market Purchase Successful,Market Purchase Successful,市场购买成功,
STR_EXPANSION_TRADER_PURCHASE_SUCCESS_TEXT,You purchased %2 %1 for %3,You purchased %2 %1 for %3,You purchased %2 %1 for %3,Du hast %2 %1 für %3 gekauft,Вы приобрели %2 %1 за %3,You purchased %2 %1 for %3,You purchased %2 %1 for %3,Hai acquistato %2 %1 per %3,Has comprado %2 %1 por %3,Vous avez acheté %2 %1 pour %3,您為 %3 購買了 %2 %1,You purchased %2 %1 for %3,You purchased %2 %1 for %3,您为 %3 购买了 %2 %1,
STR_EXPANSION_TRADER_SELL_SUCCESS,Sale Successful,Market Sell Successful,Market Sell Successful,Verkauf erfolgreich,Успешно продано,Market Sell Successful,Market Sell Successful,Vendita Effettuata!,Venta realizada exitosamente.,Vente réussie,市場銷售成功,Market Sell Successful,Market Sell Successful,市场销售成功,
STR_EXPANSION_TRADER_SELL_SUCCESS_TEXT,You sold %2 %1 for %3,You sold %2 %1 for %3,You sold %2 %1 for %3,Du hast %2 %1 für %3 verkauft,Вы продали %2 %1 за %3,You sold %2 %1 for %3,You sold %2 %1 for %3,Hai venduto %2 %1 per %3,Has vendido %2 %1 por %3,Vous avez vendu %2 %1 pour %3,您以 %3 的價格出售了 %2 %1,You sold %2 %1 for %3,You sold %2 %1 for %3,您以 %3 的价格出售了 %2 %1,
STR_EXPANSION_TRADER_TOO_FAR_AWAY,You are too far away from the trader!,You are too far away from the trader!,You are too far away from the trader!,Du bist zu weit vom Händler entfernt!,Вы слишком далеко от торговца!,You are too far away from the trader!,You are too far away from the trader!,You are too far away from the trader!,Estas muy lejos del vendedor!,Vous êtes trop loin du marchant !,你離交易者太遠了！,You are too far away from the trader!,You are too far away from the trader!,你离交易者太远了！,
STR_EXPANSION_TRADER_CANNOTBUY,This item cannot be bought from this trader!,This item cannot be bought from this trader!,This item cannot be bought from this trader!,Dieser Gegenstand kann nicht bei diesem Händler gekauft werden,Этот товар не может быть куплен у этого торговца!,This item cannot be bought from this trader!,This item cannot be bought from this trader!,Questo oggetto non può essere comprato da questo trader!,El item no puede comprarse en este vendedor.,Cet article ne peut pas être acheté auprès de ce marchant !,此商品無法從該商人處購買！,This item cannot be bought from this trader!,This item cannot be bought from this trader!,此商品无法从该商人处购买！,
STR_EXPANSION_TRADER_CANNOTSELL,This item cannot be sold at this trader!,This item cannot be sold at this trader!,This item cannot be sold at this trader!,Dieser Gegenstand kann nicht bei diesem Händler verkauft werden,Этот товар не может быть продан у этого торговца!,This item cannot be sold at this trader!,This item cannot be sold at this trader!,Questo oggetto non può essere venduto da questo trader!,El item no puede vendersde en este vendedor.,Cet article ne peut pas être vendu chez ce marchant !,此商品無法在此交易者處出售！,This item cannot be sold at this trader!,This item cannot be sold at this trader!,此商品无法在此交易者处出售！,
STR_EXPANSION_ATM,ATM,ATM,ATM,Geldautomat,Банкомат,ATM,ATM,Bancomat,ATM,Distributeur,ATM,ATM,ATM,ATM,
STR_EXPANSION_ATM_LOCKER,Locker,Locker,Locker,Spind,Шкафчик,Locker,Locker,Armadietto ,Locker,Casier,Locker,Locker,Locker,储物柜,
STR_EXPANSION_ATM_UI_TITLE,ACCOUNT MANAGEMENT,ACCOUNT MANAGEMENT,ACCOUNT MANAGEMENT,KONTO-VERWALTUNG,УПРАВЛЕНИЕ СЧЁТОМ,ACCOUNT MANAGEMENT,ACCOUNT MANAGEMENT,Gestione Account,ACCOUNT MANAGEMENT,GESTION DE COMPTE,ACCOUNT MANAGEMENT,ACCOUNT MANAGEMENT,ACCOUNT MANAGEMENT,账户管理,
STR_EXPANSION_ATM_UI_PERSONAL_ACCOUNT,PERSONAL ACCOUNT,PERSONAL ACCOUNT,PERSONAL ACCOUNT,EIGENES KONTO,ПЕРСОНАЛЬНЫЙ АККАУНТ,PERSONAL ACCOUNT,PERSONAL ACCOUNT,Account Personale ,CUENTA PERSONAL,COMPTE PERSONNEL,個人賬戶,PERSONAL ACCOUNT,PERSONAL ACCOUNT,个人账户,
STR_EXPANSION_ATM_UI_PARTY_ACCOUNT,PARTY ACCOUNT,PARTY ACCOUNT,PARTY ACCOUNT,GRUPPENKONTO,АККАУНТ ГРУППЫ,PARTY ACCOUNT,PARTY ACCOUNT,Account di gruppo ,CUENTA GRUPAL,COMPTE DU GROUPE,群組帳號,PARTY ACCOUNT,PARTY ACCOUNT,群组帐号,
STR_EXPANSION_ATM_UI_PLAYERS,PLAYERS,PLAYERS,PLAYERS,SPIELER,ИГРОКИ,PLAYERS,PLAYERS,GIOCATORI ,JUGADORES,JOUEURS(EUSES),玩家,PLAYERS,PLAYERS,玩家,
STR_EXPANSION_ATM_UI_AMOUNT,Amount:,Amount:,Amount:,Betrag:,Сумма:,Amount:,Amount:,Quantità:,Monto:,Montant:,數量：,Amount:,Amount:,数量：,
STR_EXPANSION_ATM_UI_WITHDRAW,Withdraw,Withdraw,Withdraw,Auszahlen,Вывести,Withdraw,Withdraw,Preleva,Extraccion,Retirer,提款,Withdraw,Withdraw,提款,
STR_EXPANSION_ATM_UI_WITHDRAW_ALL,Withdraw all,Withdraw all,Withdraw all,Withdraw all,Вывести все,Withdraw all,Withdraw all,Withdraw all,Withdraw all,Tout retirer,Withdraw all,Withdraw all,Withdraw all,全部提款,
STR_EXPANSION_ATM_UI_DEPOSIT,Deposit,Deposit,Deposit,Einzahlen,Депозит,Deposit,Deposit,Deposita,Deposito,Déposer,存款,Deposit,Deposit,存款,
STR_EXPANSION_ATM_UI_DEPOSIT_ALL,Deposit all,Deposit all,Deposit all,Deposit all,Внести все,Deposit all,Deposit all,Deposit all,Deposit all,Tout déposer,Deposit all,Deposit all,Deposit all,全部存款,
STR_EXPANSION_ATM_UI_MAXDEPOSIT,Max deposit:,Max deposit:,Max deposit:,Maximal:,Макс. депозит:,Max deposit:,Max deposit:,Max deposito:,Deposito maximo:,Dépôt maximum:,最高存款：,Max deposit:,Max deposit:,最高存款：,
STR_EXPANSION_ATM_UI_MONEY_ACCOUNT,Money in account:,Money in account:,Money in account:,Geld auf Konto:,Денег на аккаунте:,Money in account:,Money in account:,Soldi nell'Account:,Dinero en cuenta:,Argent en compte:,賬戶資金：,Money in account:,Money in account:,账户资金：,
STR_EXPANSION_ATM_UI_MONEY_INVENTORY,Money in inventory:,Money in inventory:,Money in inventory:,Geld im Inventar:,Денег в инвентаре:,Money in inventory:,Money in inventory:,Soldi in Inventario:,Dinero en inventario:,Argent en inventaire:,存貨中的錢：,Money in inventory:,Money in inventory:,存货中的钱：,
STR_EXPANSION_ATM_UI_TRANSFER_PLAYER,Transfer to player,Transfer to player,Transfer to player,Überweisen,Перевести игроку,Transfer to player,Transfer to player,Trasferisci a Giocatore ,Transferir a jugador,Transférer joueur,轉移給玩家,Transfer to player,Transfer to player,转移给玩家,
STR_EXPANSION_ATM_UI_TRANSFER_ALL_PLAYER,Transfer all to player,Transfer all to player,Transfer all to player,Transfer all to player,Передать все игроку,Transfer all to player,Transfer all to player,Transfer all to player,Transfer all to player,Tout Transférer joueur,Transfer all to player,Transfer all to player,Transfer all to player,全部转移到玩家,
STR_EXPANSION_ATM_UI_TRANSFER_YOU,Transfer to you,Transfer to you,Transfer to you,Überweisen an dich,Перевести себе,Transfer to you,Transfer to you,Trasferisci a te stesso ,Transferir a ti,Transférer à vous,轉給你,Transfer to you,Transfer to you,转给你,
STR_EXPANSION_ATM_UI_TRANSFER_ALL_YOU,Transfer all to you,Transfer all to you,Transfer all to you,Transfer all to you,Передать все вам,Transfer all to you,Transfer all to you,Transfer all to you,Transfer all to you,Transférer tout à vous,Transfer all to you,Transfer all to you,Transfer all to you,全部转移给您,
STR_EXPANSION_ATM_UI_TRANSFER_PARTY,Transfer to Party,Transfer to Party,Transfer to Party,Überweisen an Gruppe,Перевести группе,Transfer to Party,Transfer to Party,Trasferisci al gruppo,Transferir a grupo,Transférer Groupe,轉移到一方,Transfer to Party,Transfer to Party,转移到一方,
STR_EXPANSION_ATM_UI_TRANSFER_ALL_PARTY,Transfer all to Party,Transfer all to Party,Transfer all to Party,Transfer all to Party,Передать всё группе,Transfer all to Party,Transfer all to Party,Transfer all to Party,Transfer all to Party,Tout Transférer Groupe,Transfer all to Party,Transfer all to Party,Transfer all to Party,全部转移到参与方,
STR_EXPANSION_ATM_UI_PARTY_OWNER,Party Owner:,Party Owner:,Party Owner:,Gruppen-Eigentümer:,Владелец группы:,Party Owner:,Party Owner:,Proprietario del Gruppo,Creador de Grupo:,Propriétaire du Groupe:,團隊創建者：,Party Owner:,Party Owner:,团队创建者：,
STR_EXPANSION_ATM_UI_PARTY_ID,Party ID:,Party ID:,Party ID:,Gruppen-ID:,ID группы:,Party ID:,Party ID:,ID del gruppo:,Grupod ID:,ID du Groupe:,當事人編號：,Party ID:,Party ID:,当事人编号：,
STR_EXPANSION_ATM_UI_PARTY_NAME,Party name:,Party name:,Party name:,Gruppen-Name:,Имя группы:,Party name:,Party name:,Nome del gruppo:,Nombre de Grupo:,Nom du Groupe:,派對名稱：,Party name:,Party name:,派对名称：,
STR_EXPANSION_ATM_WITHDRAW_FAILED,Withdraw Failed,Withdraw Failed,Withdraw Failed,Abbuchung fehlgeschlagen,Вывод средств не удался,Withdraw Failed,Withdraw Failed,Prelievo fallito!,Extraccion fallida.,Échec du retrait,提現失敗,Withdraw Failed,Withdraw Failed,提现失败,
STR_EXPANSION_ATM_WITHDRAW_SUCCESS,Withdrawal Successful,Withdrawal Successful,Withdraw Successful,Abbuchung erfolgreich,Вывод средств удался,Withdraw Successful,Withdraw Successful,Prelievo riuscito!,Extraccion exitosa.,Retrait réussi,提現成功,Withdraw Successful,Withdraw Successful,提现成功,
STR_EXPANSION_ATM_WITHDRAW_SUCCESS_TEXT,You have withdrawn %1 from your account,You have withdrawn %1 from your account,You have withdrawn %1 from your account,Du hast %1 von deinem Konto abgebucht,Вы сняли %1 со своего счета,You have withdrawn %1 from your account,You have withdrawn %1 from your account,Hai prelevato %1 dal tuo account,Has extraido %1 de tu cuenta.,Vous avez retiré %1 de votre compte,您已從您的帳戶中提取 %1,You have withdrawn %1 from your account,You have withdrawn %1 from your account,您已从您的账户中提取 %1,
STR_EXPANSION_ATM_ONLY_NUMBERS,Only numbers are allowed!,Only numbers are allowed!,Only numbers are allowed!,Nur Zahlen sind erlaubt!,Разрешается использовать только цифры!,Only numbers are allowed!,Only numbers are allowed!,Sono validi soltanto numeri!,Solo se permiten numeros.,Seuls les chiffres sont autorisés !,只允許數字！,Only numbers are allowed!,Only numbers are allowed!,只允许数字！,
STR_EXPANSION_ATM_NONZERO,Please set a non-zero amount!,Please set a non-zero amount!,Please set a non-zero amount!,Bitte gib einen Wert höher null an!,"Пожалуйста, установите ненулевую сумму!",Please set a non-zero amount!,Please set a non-zero amount!,Per favore imposta una quantità,Por favor ingresa un monto mayor a 0.,Veuillez définir un montant différent de zéro !,請設置一個非零金額！,Please set a non-zero amount!,Please set a non-zero amount!,请设置一个非零金额！,
STR_EXPANSION_ATM_AMOUNT_MAX_ERROR,Amount is higher than the possible amount that can be withdrawn,Amount is higher than the possible amount that can be withdrawn,Amount is higher than the possible amount that can be withdrawn,"Der eingegebene Betrag ist höher als der mögliche Betrag, der abgebucht werden kann.","Сумма превышает возможную сумму, которая может быть снята",Amount is higher than the possible amount that can be withdrawn,Amount is higher than the possible amount that can be withdrawn,Non hai abbastanza denaro per prelevare così tanto,El monto a retirar es mayor al limite disponible.,Le montant est supérieur au montant pouvant être retiré,金額高於可能提取的金額,Amount is higher than the possible amount that can be withdrawn,Amount is higher than the possible amount that can be withdrawn,金额高于可能提取的金额,
STR_EXPANSION_ATM_DEPOSIT_FAILED,Deposit Failed,Deposit Failed,Deposit Failed,Einzahlung fehlgeschlagen,Депозит не состоялся,Deposit Failed,Deposit Failed,Deposito Fallito,Deposito fallido.,Échec du dépôt,存款失敗,Deposit Failed,Deposit Failed,存款失败,
STR_EXPANSION_ATM_DEPOSIT_SUCCESS,Deposit Successful,Deposit Successful,Deposit Successful,Einzahlung erfolgreich,Депозит успешный,Deposit Successful,Deposit Successful,Deposito Riuscito,Deposito exitoso.,Dépôt réussi,存款成功,Deposit Successful,Deposit Successful,存款成功,
STR_EXPANSION_ATM_DEPOSIT_SUCCESS_TEXT,You have deposited %1 into your account,You have deposited %1 into your account,You have deposited %1 into your account,Du hast %1 auf dein Konto eingezahlt,Вы внесли %1 на свой счет,You have deposited %1 into your account,You have deposited %1 into your account,Hai depositato %1 nel tuo account,Has depositado %1 en tu cuenta.,Vous avez déposé %1 sur votre compte,您已將 %1 存入您的帳戶,You have deposited %1 into your account,You have deposited %1 into your account,您已将 %1 存入您的账户,
STR_EXPANSION_ATM_DEPOSIT_MAX_ERROR,The maximum amount that can be deposited is %1. Please adjust the amount so that your deposited money does not exceed this value.,The maximum amount that can be deposited is %1. Please adjust the amount so that your deposited money does not exceed this value.,The maximum amount that can be deposited is %1. Please adjust the amount so that your deposited money does not exceed this value.,"Der maximal zulässige Betrag, der eingezahlt werden kann, beträgt %1. Bitte passe den Betrag so an, dass dein eingezahltes Geld diesen Wert nicht überschreitet.","Максимальная сумма, которую можно внести на счет, составляет %1. Пожалуйста, отрегулируйте сумму так, чтобы внесенные вами деньги не превышали это значение.",The maximum amount that can be deposited is %1. Please adjust the amount so that your deposited money does not exceed this value.,The maximum amount that can be deposited is %1. Please adjust the amount so that your deposited money does not exceed this value.,Il massimo che puoi depositare è %1. Correggi l'ammontare così che il valore non ecceda questo ammontare,El monto maximo que puede depositarse es %1. Por favor ajusta el monto para que no exceda ese limite.,Le montant maximum pouvant être déposé est de %1. Veuillez ajuster le montant afin que votre argent déposé ne dépasse pas cette valeur.,可存入的最大金額為 %1。 請調整金額，使您的存款不超過此值。,The maximum amount that can be deposited is %1. Please adjust the amount so that your deposited money does not exceed this value.,The maximum amount that can be deposited is %1. Please adjust the amount so that your deposited money does not exceed this value.,可存入的最大金额为 %1。 请调整金额，使您的存款不超过此值。,
STR_EXPANSION_ATM_DEPOSIT_NOTENOUGHMONEY,You don't have more than %1 in your inventory,You don't have more than %1 in your inventory,You don't have more than %1 in your inventory,Du hast nicht mehr als %1 in deinem Inventar,У вас в инвентаре не более %1,You don't have more than %1 in your inventory,You don't have more than %1 in your inventory,Non hai più di %1 nell'inventario,No tienes mas de %1 en tu inventario.,Vous n'avez pas plus de %1 dans votre inventaire,您的庫存中不超過 %1,You don't have more than %1 in your inventory,You don't have more than %1 in your inventory,您的库存中不超过 %1,
STR_EXPANSION_ATM_TRANSFER_SENDER,You have sent %1 to the player %2,You have sent %1 to the player %2,You have sent %1 to the player %2,Du hast einen Betrag von %1 an den Spieler %2 gesendet,Вы отправили %1 игроку %2,You have sent %1 to the player %2,You have sent %1 to the player %2,Hai inviato %1 al giocatore %2,Has enviado %1 al jugador %2,Vous avez envoyé %1 au joueur %2,您已將 %1 發送給玩家 %2,You have sent %1 to the player %2,You have sent %1 to the player %2,您已将 %1 发送给玩家 %2,
STR_EXPANSION_ATM_TRANSFER_RECEIVER,You have received %1 from the player %2,You have received %1 from the player %4,You have received %1 from the player %4,Du  hast einen Betag von %1 vom Spieler %2 erhalten,Вы получили %1 от игрока %2,You have received %1 from the player %4,You have received %1 from the player %4,Hai ricevuto %1 dal giocatore %4,Has recibido %1 del jugador %4,Vous avez reçu %1 du joueur %2,您已收到來自玩家 %4 的 %1,You have received %1 from the player %4,You have received %1 from the player %4,您已收到来自玩家 %4 的 %1,
STR_EXPANSION_ATM_NO_CURRENCIES_DEFINED,There are no currencies specified in the server market settings. Please contact the server owner and inform them about this error.,There are no currencies specified in the server market settings. Please contact the server owner and inform them about this error.,There are no currencies specified in the server market settings. Please contact the server owner and inform them about this error.,Es sind keine Währungen in den Server-Markt-Einstellungen angegeben. Bitte Kontaktiere den Server-Betreiber und informiere ihn über diesen Fehler.,"В настройках рынка сервера не указаны валюты. Пожалуйста, свяжитесь с владельцем сервера и сообщите ему об этой ошибке.",There are no currencies specified in the server market settings. Please contact the server owner and inform them about this error.,There are no currencies specified in the server market settings. Please contact the server owner and inform them about this error.,"Non c'è una moneta di scambio impostata nelle impostazioni del server. Contatta l'amministratore per informarlo del problema, grazie. ",There are no currencies specified in the server market settings. Please contact the server owner and inform them about this error.,Aucune devise n'est spécifiée dans les paramètres du marché du serveur. Veuillez contacter le propriétaire du serveur et l'informer de cette erreur.,服務器市場設置中沒有指定貨幣。 請聯繫服務器所有者並告知他們此錯誤。,There are no currencies specified in the server market settings. Please contact the server owner and inform them about this error.,There are no currencies specified in the server market settings. Please contact the server owner and inform them about this error.,服务器市场设置中没有指定货币。 请联系服务器所有者并告知他们此错误。,
STR_EXPANSION_MARKET_OPTION_FILTER_ATTACHMENTS,Attachments,Attachments,Attachments,Zubehör,Attachments,Attachments,Attachments,Accessori,Accesorios,Attachments,附件,Attachments,Attachments,附件,
STR_EXPANSION_MARKET_OPTION_FILTER_MAGAZINES,Magazines,Magazines,Magazines,Magazine,Magazines,Magazines,Magazines,Caricatori,Cargadores,Magazines,雜誌,Magazines,Magazines,杂志,
STR_EXPANSION_MARKET_OPTION_FILTER_BULLETS,Bullets,Bullets,Bullets,Kugeln,Bullets,Bullets,Bullets,Proiettili,Municion,Bullets,子彈,Bullets,Bullets,子弹,
STR_EXPANSION_MARKET_OPTION_FILTER_SELLABLES,Sellable,Sellable,Sellable,Verkaufbar,Sellable,Sellable,Sellable,Vendibili,Vender,Sellable,可售,Sellable,Sellable,可售,
STR_EXPANSION_MARKET_OPTION_FILTER_PURCHASABLES,Purchasable,Purchasable,Purchasable,Kaufbar,Purchasable,Purchasable,Purchasable,Comprabil,Comprar,Purchasable,可購買,Purchasable,Purchasable,可购买,
STR_EXPANSION_MARKET_QUANTITY_CLOSE,Close,Close,Close,Schließen,Закрыть,Close,Close,Chiudi,Cerrado,Fermer,關閉,Close,Close,关闭,
STR_EXPANSION_MARKET_TITLE,Market System,Market System,Systém Značek,Marktsystem,Система торговли,System Handlu,Piac rendszer,Gestione Mercato,Notificación de mercado,Système de marché,商店系統,Sistema de Mercado,マーケットシステム,商店系统,
STR_EXPANSION_MARKET_CURRENCY_TITLE,Currency:,Currency:,Měna:,Währung:,Валюта:,Waluta:,Valuta:,Valuta:,Moneda,Monnaie:,貨幣：,Atual:,通貨:,货币：,
STR_EXPANSION_MARKET_CURRENCY_TOTAL,Total,Total,Celkově,Gesamt,Всего,Suma,Összesen:,Totale:,Total,Total,總共,Total,合計,总共,
STR_EXPANSION_MARKET_QUANTITY_TITLE,ENTER BUY/SELL AMOUNT,ENTER BUY/SELL AMMOUNT,VLOŽ MNOŽSTVÍ PRO NÁKUP/PRODEJ,GIB KAUFS-/VERKAUFS-MENGE EIN,ВВЕДИТЕ ЧИСЛО ПОКУПКИ/ПРОДАЖИ,WPROWADŹ ILOŚĆ PRZEDMIOTÓW DO SPRZEDANIA/KUPIENIA,Írd be a vételi/eladási összeget,QUANTITA' DA COMPRARE / VENDERE,Ingresa la cantidad de compra/venta,ENTRER LE MONTANT D'ACHAT/VENTE,輸入 買/賣 量,COMPRAR/VENDER,売買の数を入力,输入 买/卖 量,
STR_EXPANSION_MARKET_QUANTITY_APPLY,APPLY,APPLY,POTVRDIT,ÜBERNEHMEN,ПОДТВЕРДИТЬ,ZATWIERDŹ,Alkalmaz,APPLICA,APLICAR,APPLIQUER,提交,APLICAR,反映・適応,提交,
STR_EXPANSION_MARKET_QUANTITY_CANCEL,CANCEL,CANCEL,ZRUŠIT,ABBRECHEN,ОТМЕНИТЬ,ANULUJ,Visszavonás,ANNULLA,CANCELAR,ANNULER,取消,CANCELAR,キャンセル,取消,
STR_EXPANSION_MARKET_STOCK_MARKET,In Stock:,In Stock:,V zásobe:,Auf Lager:,В наличии:,Dostępne:,Készleten:,In magazzino:,En Stock,En Stock:,現有：,No Estoque:,在庫:,库存：,
STR_EXPANSION_MARKET_STOCK_PLAYER,You have:,You have:,U sebe:,Du hast:,У вас есть:,Masz:,Játékos inventory:,Tu hai:,Tienes:,Tu as:,你有：,Você têm:,所有:,你有：,
STR_EXPANSION_MARKET_SELL,SELL,SELL,PRODAT,VERKAUFEN,ПРОДАТЬ,SPRZEDAJ,ELADÁS,VENDI,VENDER,VENDRE,賣,VENDER,売る,卖,
STR_EXPANSION_MARKET_BUY,BUY,BUY,KOUPIT,KAUFEN,КУПИТЬ,KUP,VÁSÁRLÁS,COMPRA,COMPRAR,ACHETER,買,COMPRAR/VENDER,買う,买,
STR_EXPANSION_MARKET_BOUGHT_VEHICLE,Vehicle bought!,Vehicle bought!,Vozidlo zakoupeno!,Fahrzeug gekauft!,Транспорт куплен!,Pojazd zakupiony!,Jármű vásárlás sikeres!,Veicolo comprato!,Vehiculo comprado,Véhicule acheté !,車輛已購買！,Veículo Comprado!,車両は購入されました!,车辆已购买！,
STR_EXPANSION_MARKET_VEHICLE_ON_SPAWN,Another vehicle blocks the spawn zone!,Another vehicle blocks the spawn zone!,"Je tu nějaký objekt, který blokuje spawn zónu.",Ein anderes Fahrzeug blockiert die Spawnzone!,Другой транспорт блокирует спавн-зону!,Inny pojazd blokuje miejsce spawnu!,Egy jármű blokkolja a Spawn Zónát!,Un altro veicolo blocca l'area di spawn!,Otro vehiculo bloquea la zona de aparición,Un autre véhicule bloque la zone de spawn !,另一輛車阻擋了刷新區域！,Outro veículo está bloqueando a área.,他の車両が沸き位置を妨害しています!,另一辆车阻挡了刷新区域！,
STR_EXPANSION_MARKET_BOUGHT_ITEM,Item bought!,Item bought!,Item zakoupen!,Gegenstand gekauft!,Предмет куплен!,Przedmiot zakupiony!,Tárgy vásárlás sikeres!,Oggetto acquistato!,Objeto Comprado!,Objet acheté !,道具已購買！,Item comprado!,アイテムは購入されました!,道具已购买！,
STR_EXPANSION_MARKET_NOT_ENOUGH_MONEY,Not enough money!,Not enough money!,Nedostatek peněz!,Nicht genug Geld!,Недостаточно денег!,Masz za mało pieniędzy!,Nincs elég pénzed!,Non hai abbastanza soldi!,No tienes suficiente dinero!,Pas assez d'argent !,錢不夠！,Dinheiro não suficiente!,現金が不足しています!,钱不够！,
STR_EXPANSION_MARKET_ITEM_NOT_SELL,Did not sell!,Did not sell!,Neprodáno!,Nicht verkauft!,Не продано!,Nie sprzedano!,Nem történt eladás!,Non hai venduto!,No se ha vendido!,Pas vendu !,非賣品！,Não vendeu!,販売は中止されました!,非卖品！,
STR_EXPANSION_MARKET_ITEM_DESTROY,Destroying %1,Destroying %1,Zničeno %1,Zerstöre %1.,Уничтожение %1,Niszczę %1,%1 megsemmisítése.,Distruggo %1,Destruyendo %1,Destruction de %1...,損壞 %1,Destruindo %1,%1 を破壊中,损坏 %1,
STR_EXPANSION_MARKET_ITEM_SPAWN,Spawning %1,Spawning %1,Spawn %1,Spawne %1.,Создание %1,Tworzę %1,%1 Spawnolása folyamatban.,Spawno %1,Haciendo aparecer %1,Spawn de %1...,刷新 %1,Surgindo %1,%1 を出現準備中,刷新 %1,
STR_EXPANSION_MARKET_QUANTITY,Only numbers are allowed for quantity!,Only numbers are allowed for quantity!,Je možné uvádět pouze čísla pro kvantitu!,Nur Ziffern sind für die Mengenangabe erlaubt!,В количестве разрешены только цифры!,Podana wartość może zawierać jedynie liczby!,Mennyiségnek csak számot adhatsz meg!,Solo numeri sono accettati per le quantità!,Solo se permiten numeros para cantidades,Seul des nombres sont autorisés pour la quantité !,數量只允許提交數字！,Apenas números são permitidos.,数は数字のみ有効です!,数量只允许提交数字！,
STR_EXPANSION_MARKET_ITEM_NOTINSTOCK,NOT IN STOCK,NOT IN STOCK,NEDOSTUPNÉ,NICHT AUF LAGER,НЕТ В НАЛИЧИИ,NIEDOSTĘPNE,NINCS KÉSZLETEN!,NON IN MAGAZZINO,NO ESTA EN STOCK,PAS EN STOCK,無貨,SEM ESTOQUE,在庫なし,无货,
STR_EXPANSION_MARKET_ITEM_INSTOCK,IN STOCK,IN STOCK,V ZÁSOBĚ,AUF LAGER,В НАЛИЧИИ,DOSTĘPNE:,KÉSZLETEN,IN MAGAZZINO,STOCK,EN STOCK,誘惑,NO ESTOQUE,在庫あり,现货,
STR_EXPANSION_MARKET_ITEM_ONPLAYER,ON YOU,ON YOU,U SEBE:,BEI DIR,НА ВАС,W WYPOSAŻENIU,JÁTÉKOS INVENTORY:,TU HAI,INVENTARIO,SUR TOI,在你身上,EM VOCÊ,所有中,在你身上,
STR_EXPANSION_MARKET_LOADING,Loading Trader...,Loading Trader...,Načítám obchodníka...,Lädt Händler...,Загрузка Торговца...,Ładuję Handlarza...,Kereskedő betöltése...,Carico il trader,Cargando Comerciante...,Chargement du Trader...,讀取交易區,Carregando Vendedor...,トレーダーをロード中...,读取交易区,
STR_EXPANSION_MARKET_TOGGLE_CATEGORIES,Toggle All Categories,Toggle All Categories,Toggle All Categories,Alle Kategorien umschalten,Показать все категории,Toggle All Categories,Toggle All Categories,Attiva/Disattiva tutte le categorie,Ver todas las categorias,Cacher/Voir les catégories,切換所有類別,Toggle All Categories,Toggle All Categories,切换所有类别,
STR_EXPANSION_MARKET_FILTER_OPTIONS,FILTER OPTIONS,FILTER OPTIONS,FILTER OPTIONS,FILTER-OPTIONEN,ОПЦИИ ФИЛЬТРА,FILTER OPTIONS,FILTER OPTIONS,OPZIONI FILTRI,FILTRAR,OPTIONS DES FILTRES,過濾器選項,FILTER OPTIONS,FILTER OPTIONS,过滤器选项,
STR_EXPANSION_MARKET_VARIANTS,VARIANTS & SKINS,VARIANTS & SKINS,VARIANTS & SKINS,VARIATIONEN & SKINS,ВАРИАНТЫ И СКИНЫ,VARIANTS & SKINS,VARIANTS & SKINS,VARIANTI E SKIN,VARIANTES Y SKINS,VARIANTES & PEINTURES,變體和皮膚,VARIANTS & SKINS,VARIANTS & SKINS,变体和皮肤,
STR_EXPANSION_MARKET_DONT_HAVE_ITEM,You don't have this item in your inventory!,You don't have this item in your inventory!,You don't have this item in your inventory!,Du hast diesen Gegenstand nicht in deinem Inventar!,У вас нет этого предмета в инвентаре!,You don't have this item in your inventory!,You don't have this item in your inventory!,Non hai questo oggetto nell'inventario!,No tienes el item en tu inventario!,Vous n'avez pas cet objet dans votre inventaire !,您的庫存中沒有此物品！,You don't have this item in your inventory!,You don't have this item in your inventory!,您的库存中没有此物品！,
STR_EXPANSION_MARKET_YOU_PAY,You will pay:,You will pay:,You will pay:,Du zahlst:,Вы заплатите:,You will pay:,You will pay:,Pagherai:,Vas a pagar:,Tu paieras:,你會付出代價的：,You will pay:,You will pay:,你会付出代价的：,
STR_EXPANSION_MARKET_YOU_GET,You will get:,You will get:,You will get:,Du bekommst:,Вы получите:,You will get:,You will get:,Otterrai:,Vas a recibir:,Tu auras:,你會得到：,You will get:,You will get:,你会得到：,
STR_EXPANSION_MARKET_ITEM_CANT_SELL,CAN'T SELL,CAN'T SELL,CAN'T SELL,KANN NICHT VERKAUFEN,НЕ МОГУ ПРОДАТЬ,CAN'T SELL,CAN'T SELL,NON PUOI VENDERE,NO SE PUEDE VENDER,IMPOSSIBLE DE VENDRE,不能賣,CAN'T SELL,CAN'T SELL,不能卖,
STR_EXPANSION_MARKET_ITEM_CANT_BUY,CAN'T BUY,CAN'T BUY,CAN'T BUY,KANN NICHT KAUFEN,НЕ МОГУ КУПИТЬ,CAN'T BUY,CAN'T BUY,NON PUOI COMPRARE,NO SE PUEDE COMPRAR,IMPOSSIBLE D'ACHETER,買不到,CAN'T BUY,CAN'T BUY,买不到,
STR_EXPANSION_MARKET_ITEM_NOT_ENOUGH,NOT ENOUGH,NOT ENOUGH,NOT ENOUGH,NICHT GENUG,НЕДОСТАТОЧНО,NOT ENOUGH,NOT ENOUGH,NON ABBASTANZA,NO ES SUFICIENTE,PAS ASSEZ,不夠,NOT ENOUGH,NOT ENOUGH,不够,
STR_EXPANSION_MARKET_CURRENCY_DENOMS,Currency denominations:,Currency denominations:,Currency denominations:,Währungsbezeichnungen:,Номиналы валют:,Currency denominations:,Currency denominations:,Denominazioni di Valuta,Denominaciones de moneda:,Dénominations monétaires :,貨幣面額：,Currency denominations:,Currency denominations:,货币面额：,
STR_EXPANSION_MARKET_CUSTOMIZE,CUSTOMIZE,CUSTOMIZE,CUSTOMIZE,ANPASSEN,НАСТРОЙКА,CUSTOMIZE,CUSTOMIZE,PERSONALIZZA,PERSONALIZAR,PERSONNALISER,定制,CUSTOMIZE,CUSTOMIZE,定制,
STR_EXPANSION_MARKET_TOOLTIP_QUANTITY_TITLE,Quantity Controls,Quantity Controls,Quantity Controls,Quantity Controls,Контроль количества,Quantity Controls,Quantity Controls,Quantity Controls,Control Cantidad,Contrôles de quantité,數量控制,Quantity Controls,Quantity Controls,数量控制,
STR_EXPANSION_MARKET_TOOLTIP_QUANTITY_DESC,<p>ALT & +/- = Set to current amount in inventroy/1.</p><p>STRG & +/- = Set Current quantity +/-10.</p><p>SHIFT & +/- = Set Current quantity +/-100.</p></p><p>B = Request buy.</p><p>S = Request sell.</p>,<p>ALT & +/- = Set to current amount in inventroy/1.</p><p>STRG & +/- = Set Current quantity +/-10.</p><p>SHIFT & +/- = Set Current quantity +/-100.</p></p><p>B = Request buy.</p><p>S = Request sell.</p>,<p>ALT & +/- = Set to current amount in inventroy/1.</p><p>STRG & +/- = Set Current quantity +/-10.</p><p>SHIFT & +/- = Set Current quantity +/-100.</p></p><p>B = Request buy.</p><p>S = Request sell.</p>,<p>ALT & +/- = Set to current amount in inventroy/1.</p><p>STRG & +/- = Set Current quantity +/-10.</p><p>SHIFT & +/- = Set Current quantity +/-100.</p></p><p>B = Request buy.</p><p>S = Request sell.</p>,<p>ALT & +/- = Установить на текущую сумму в инвентаре/1.</p><p>STRG & +/- = Установить текущее количество +/-10.</p><p>SHIFT & +/- = Установить текущее количество +/-100.</p></p><p>B = Request buy.</p><p>S = Запрос на продажу.</p>,<p>ALT & +/- = Set to current amount in inventroy/1.</p><p>STRG & +/- = Set Current quantity +/-10.</p><p>SHIFT & +/- = Set Current quantity +/-100.</p></p><p>B = Request buy.</p><p>S = Request sell.</p>,<p>ALT & +/- = Set to current amount in inventroy/1.</p><p>STRG & +/- = Set Current quantity +/-10.</p><p>SHIFT & +/- = Set Current quantity +/-100.</p></p><p>B = Request buy.</p><p>S = Request sell.</p>,<p>ALT & +/- = Imposta la quantità corrente in inventario/1.</p><p>STRG & +/- = Imposta quiantità corrente +/-10.</p><p>SHIFT & +/- = Imposta quiantità corrente +/-100.</p></p><p>B = Richiedi Acquisto.</p><p>S = Richiedi Vendita.</p>,<p>ALT & +/- = Set to current amount in inventory/1.</p><p>STRG & +/- = Set Current quantity +/-10.</p><p>SHIFT & +/- = Set Current quantity +/-100.</p></p><p>B = Request buy.</p><p>S = Request sell.</p>,<p>ALT & +/- = Définir sur la quantité actuelle dans inventaire/1.</p><p>STRG & +/- = Définir la quantité actuelle sur +/-10.</p><p>MAJ & +/ - = Définir la quantité actuelle +/-100.</p></p><p>B = Demande d'achat.</p><p>S = Demande de vente.</p>,<p>ALT & +/- = 設置為 inventroy/1 中的當前數量。</p><p>STRG & +/- = 設置當前數量 +/-10。</p><p>SHIFT & +/ - = 設置當前數量 +/-100。</p></p><p>B = 請求買入。</p><p>S = 請求賣出。</p>,<p>ALT & +/- = Set to current amount in inventroy/1.</p><p>STRG & +/- = Set Current quantity +/-10.</p><p>SHIFT & +/- = Set Current quantity +/-100.</p></p><p>B = Request buy.</p><p>S = Request sell.</p>,<p>ALT & +/- = Set to current amount in inventroy/1.</p><p>STRG & +/- = Set Current quantity +/-10.</p><p>SHIFT & +/- = Set Current quantity +/-100.</p></p><p>B = Request buy.</p><p>S = Request sell.</p>,<p>ALT & +/- = 设置为 inventroy/1 中的当前数量。</p><p>STRG & +/- = 设置当前数量 +/-10。</p><p>SHIFT & +/ - = 设置当前数量 +/-100。</p></p><p>B = 请求买入。</p><p>S = 请求卖出。</p>,
STR_EXPANSION_MARKET_CLOSE_MENU,Close Menu,Close Menu,Close Menu,Schließen,Закрыть меню,Close Menu,Close Menu,Close Menu,Close Menu,Close Menu,關閉菜單,Close Menu,Close Menu,关闭菜单,
STR_EXPANSION_MARKET_ITEM_TOOLTIP_TITLE,Caution,Caution,Pozor,Vorsicht,Внимание,Uwaga,Figyelem,Attenzione,Cuidado,Attention,小心,Cuidado,注意,小心,
STR_EXPANSION_MARKET_ITEM_TOOLTIP_TEXT,You have an item of this type in inventory that contains other items! You must first remove these items to sell this item.,You have an item of this type in inventory that contains other items! You must first remove these items to sell this item.,"V inventáři máš už tento item, který má v sobě další itemy! Nejdříve tento item vyprázdni a zkus znovu.","Du hast einen Gegenstand diesen Typs im Inventar, der andere Dinge enthält! Du musst diese erst entfernen, bevor du den Gegenstand verkaufen kannst.","У вас в инвентаре есть такой же предмет, который содержит другие вещи. Чтобы продать предмет, вам необходимо вынуть эти вещи.","Masz w ekwipunku przedmiot tego samego typu, który zawiera inne przedmioty. Wyjmij je, by móc sprzedać ten przedmiot.","Már van egy olyan tárgyad ami más tárgyakat tartalmaz. Kérlek távolítsd el, hogy az eladni kívánt tárgyat eladhasd!",Hai un oggetto di questo tipo che contiene altri oggetti! Devi rimuoverli prima di venderlo!,Tienes que remover los objetos dentro de este objeto para poder venderlo,Tu as un objet de ce type dans ton inventaire qui contient d'autres objets ! Tu dois d'abord retirer ces objets pour vendre cet objet.,庫存中存在此類型道具的其他物品，必須要刪除後才能售賣此項目！,Este item está cheio. Você deve esvaziá-lo primeiro.,このアイテムの中に他のアイテムが入っています。空にしてから売却可能になります。,库存中存在此类型道具的其他物品，必须要删除后才能售卖此项目！,
STR_EXPANSION_MARKET_CATEGORY_AMMO,AMMO,AMMO,NÁBOJE,MUNITION,БОЕПРИПАСЫ,AMUNICJA,TÖLTÉNY,MUNIZIONI,MUNICIÓNES,MUNITIONS,彈藥,MUNIÇÃO,弾薬,弹药,
STR_EXPANSION_MARKET_CATEGORY_AMMOBOXES,AMMO BOXES,AMMO BOXES,KRABIČKY S NÁBOJI,MUNITIONSBOXEN,КОРОБКИ С БОЕПРИПАСАМИ,PACZKI AMUNICJI,TÖLTÉNY LÁDA,SCATOLE DI MUNIZIONI,CAJAS DE MUNICIÓNES,BOITES DE MUNITIONS,彈藥盒,CAIXAS DE MUNIÇÃO,箱入り弾薬,弹药盒,
STR_EXPANSION_MARKET_CATEGORY_ARMBANDS,ARMBANDS,ARMBANDS,PÁSKY,ARMBÄNDER,НАРУКАВНЫЕ ПОВЯЗКИ,OPASKI,KARSZALAGOK,FASCE DA BRACCIO,BRAZALETES,BRASSARDS,臂章,BRAÇADEIRAS,アームバンド,臂章,
STR_EXPANSION_MARKET_CATEGORY_ASSAULT_RIFLES,ASSAULT RIFLES,ASSAULT RIFLES,ÚTOČNÉ PUŠKY,STURMGEWEHRE,ШТУРМОВЫЕ ВИНТОВКИ,KARABINY SZTURMOWE,GÉPKARABÉLYOK,FUCILI D'ASSALTO,FUSILES DE ASALTO,FUSILS D'ASSAULT,突擊步槍,FUZIL DE ASSALTO,アサルトライフル,突击步枪,
STR_EXPANSION_MARKET_CATEGORY_BACKPACKS,BACKPACKS,BACKPACKS,BATOHY,RUCKSÄCKE,РЮКЗАКИ,PLECAKI,HÁTIZSÁKOK,ZAINI,MOCHILAS,SACS Á DOS,背包,MOCHILAS,リュック,背包,
STR_EXPANSION_MARKET_CATEGORY_BANDANAS,BANDANAS,BANDANAS,BANDANY,BANDANAS,БАНДАНЫ,BANDANY,BANDANNA,BANDANE,PAÑUELOS,BANDANAS,繃帶,BANDANAS,バンダナ,绷带,
STR_EXPANSION_MARKET_CATEGORY_BATTERIES,BATTERIES,BATTERIES,BATERIE,BATTERIEN,БАТАРЕЙКИ,BATERIE,AKKUMULÁTOROK,BATTERIE,PILAS,BATTERIES,電池,BATERIAS,電池,电池,
STR_EXPANSION_MARKET_CATEGORY_BAYONETS,BAYONETS,BAYONETS,BAYONETS,BAYONETTE,ШТЫКИ,BAYONETS,BAYONETS,BAIONETTE,BAYONETAS,BAYONETTES,刺刀,BAYONETS,BAYONETS,刺刀,
STR_EXPANSION_MARKET_CATEGORY_BELTS,BELTS,BELTS,PÁSKY,GÜRTEL,РЕМНИ,PASKI,ÖVEK,CINTURE,CINTURONES,CEINTURES,腰帶,CINTOS,ベルト,腰带,
STR_EXPANSION_MARKET_CATEGORY_BLOUSES,BLOUSES,BLOUSES,BLŮZY,BLUSEN,КОФТЫ,BLUZKI,FELSŐK,BLUSE,BLUSAS,BLOUSES,女士襯衫,BLUSAS,ブラウス,女士衬衫,
STR_EXPANSION_MARKET_CATEGORY_SUITS,SUITS,SUITS,OBLEKY,ANZÜGE,КОСТЮМЫ,KOSTIUMY,INGEK,COMPLETI,TRAJES,COSTUMES,套裝,COLETES,スーツ,套装,
STR_EXPANSION_MARKET_CATEGORY_BOATS,BOATS,BOATS,LODĚ,BOOTE,ЛОДКИ,ŁODZIE,HAJÓK,BARCHE,BARCOS,BATEAUX,小船,BARCOS,船舶,小船,
STR_EXPANSION_MARKET_CATEGORY_BOOTS,BOOTS,BOOTS,VYSOKÉ BOTY,STIEFEL,БОТИНКИ,BUTY,CSIZMÁK,SCARPONI,BOTAS,BOTTES,靴子,CALÇADOS,ブーツ,靴子,
STR_EXPANSION_MARKET_CATEGORY_SHOES,SHOES,SHOES,BOTY,SCHUHE,ТУФЛИ,BUTY,CIPŐK,SCARPE,ZAPATOS,CHAUSSURES,鞋子,SAPATOS,靴,鞋子,
STR_EXPANSION_MARKET_CATEGORY_BUTTSTOCKS,BUTTSTOCKS,BUTTSTOCKS,PAŽBY,SCHULTERSTÜTZE,ПРИКЛАДЫ,KOLBY,FEGYVER TUSOK,CALCI,CULATAS,CROSSES,砧木,CORONHAS,ストック,砧木,
STR_EXPANSION_MARKET_CATEGORY_CAPS,CAPS,CAPS,ČEPICE,KAPPEN,КЕПКИ,CZAPKI,KÖPENYEK,CAPPELLINI,GORRAS,CASQUETTES,帽子,BONÉS,帽子,帽子,
STR_EXPANSION_MARKET_CATEGORY_CARS,CARS,CARS,AUTA,AUTOS,МАШИНЫ,SAMOCHODY,AUTÓK,AUTO,COCHES,VOITURES,車輛,CARROS,車両,车辆,
STR_EXPANSION_MARKET_CATEGORY_COATS,COATS,COATS,KABÁTY,MANTEL,ПАЛЬТО,KURTKI,KABÁTOK,IMPERMEABILI,ABRIGOS,MANTEAUX,外套,SOBRETUDO,コート,外套,
STR_EXPANSION_MARKET_CATEGORY_JACKETS,JACKETS,JACKETS,BUNDY,JACKEN,КУРТКИ,BLUZY,DZSEKIK,GIACCHE,CHAQUETAS,VESTES,夾克,JAQUETAS,ジャケット,夹克,
STR_EXPANSION_MARKET_CATEGORY_CONTAINERS,CONTAINERS,CONTAINERS,KONTEJNERY,CONTAINER,КОНТЕЙНЕРЫ,POJEMNIKI,TÁRÓLÓK,CONTENITORI,CONTENEDORES,CONTENEURS,箱子,RECIPIENTES,箱類,箱子,
STR_EXPANSION_MARKET_CATEGORY_DRINKS,DRINKS,DRINKS,NÁPOJE,GETRÄNKE,НАПИТКИ,NAPOJE,INNIVALÓK,BEVANDE,BEBIDAS,BOISSONS,飲料,BEBIDAS,飲み物,饮料,
STR_EXPANSION_MARKET_CATEGORY_ELECTRONICS,ELECTRONICS,ELECTRONICS,ELEKTRONIKA,ELEKTRONIK,ЭЛЕКТРОНИКА,ELEKTRONIKA,ELEKTRONIKAI ESZKÖZÖK,ELETTRONICA,APARATOS ELECTRÓNICOS,ÉLECTRONIQUE,電器,ELETRÔNICOS,電子関係,电器,
STR_EXPANSION_MARKET_CATEGORY_EXCHANGE,EXCHANGE,EXCHANGE,VÝMĚNA,WECHSEL,ОБМЕН,WYMIANA,CSERE,CAMBIO,INTERCÁMBIO,CHANGE,交換,TROCÁVEIS,交換,交换,
STR_EXPANSION_MARKET_CATEGORY_EXPLOSIVES,EXPLOSIVES,EXPLOSIVES,VÝBUŠNINY,SPRENGSTOFF,ВЗРЫВЧАТКА,MATERIAŁY WYBUCHOWE,ROBBANÓSZEREK,ESPLOSIVI,EXPLOSIVOS,EXPLOSIFS,爆炸物,EXPLOSIVOS,爆薬物,爆炸物,
STR_EXPANSION_MARKET_CATEGORY_GRENADES,GRENADES,GRENADES,GRANÁTY,GRANATEN,ГРАНАТЫ,GRANATY,GRÁNÁTOK,GRANATE,GRANADAS,GRENADES,手雷,GRANADAS,手榴弾,手雷,
STR_EXPANSION_MARKET_CATEGORY_EYEWEAR,EYEWEAR,EYEWEAR,BRÝLE,BRILLEN,ОЧКИ,OKULARY,SZEMÜVEGEK,OCCHIALI,LENTES,LUNETTES,眼鏡,ÓCULOS,メガネ類,眼镜,
STR_EXPANSION_MARKET_CATEGORY_FISH,FISH,FISH,RYBY,FISCH,РЫБА,RYBY,HAL,PESCE,PESCADO,POISSONS,魚,PEIXE,魚類,鱼,
STR_EXPANSION_MARKET_CATEGORY_FISHING,FISHING EQUIPMENT,FISHING EQUIPMENT,RYBAŘSKÉ NÁSTROJE,ANGELEQUIPMENT,РЫБОЛОВНОЕ СНАРЯЖЕНИЕ,EKWIPUNEK RYBACKI,HORGÁSZATI FELSZERELÉS,EQUIPAGGIAMENTO DA PESCA,EQUIPAMIENTO DE PESCA,ÉQUIPEMENT DE PÊCHE,釣魚用具,EQUIPAMENTOS DE PESCA,釣り具,钓鱼用具,
STR_EXPANSION_MARKET_CATEGORY_FOOD,FOOD,FOOD,JÍDLO,ESSEN,ЕДА,JEDZENIE,ÉTEL,CIBO,COMIDA,NOURRITURE,食物,COMIDA,食料,食物,
STR_EXPANSION_MARKET_CATEGORY_GARDENING,GARDENING,GARDENING,GARDENING,GARTENARBEIT,САДОВОДСТВО,GARDENING,GARDENING,GARDENING,GARDENING,JARDINAGE,園藝,GARDENING,GARDENING,园艺,
STR_EXPANSION_MARKET_CATEGORY_GHILLIES,GHILLIES,GHILLIES,HEJKALOVÉ,GHILLIES,МАСКХАЛАТЫ,GHILLIES,GHILLIES,GHILLIES,CAMUFLAJES,GHILLIES,吉利服,ROUPAS CAMUFLADAS,ギリー類,吉利服,
STR_EXPANSION_MARKET_CATEGORY_GLOVES,GLOVES,GLOVES,RUKAVICE,HANDSCHUHE,ПЕРЧАТКИ,RĘKAWICE,KESZTYŰK,GUANTI,GUANTES,GANTS,手套,LUVAS,グローブ類,手套,
STR_EXPANSION_MARKET_CATEGORY_HANDGUARDS,HANDGUARDS,HANDGUARDS,PŘEDPAŽBÍ,HANDSCHUTZ,ЦЕВЬЯ,NAKŁADKI LUF,KÉZVÉDŐK,PARAMANI,GUARDAMANOS,GARDES-MAINS,手部防護,GUARDA MÃO,ハンドガード,手部防护,
STR_EXPANSION_MARKET_CATEGORY_HATS,HATS,HATS,KLOUBOUKY,HÜTE,ШЛЯПЫ,NAKRYCIA GŁOWY,KALAPOK,CAPPELLI,SOMBREROS,CHAPEAUX,帶沿帽,CHAPÉUS,帽子,带沿帽,
STR_EXPANSION_MARKET_CATEGORY_HOODS,HOODS,HOODS,KAPUCE,KAPUTZEN,КАПЮШОНЫ,KAPTURY,KAPUCNIS FELSŐK,COFANI,CAPUCHAS,CAPOTS,兜帽,CAPUZES,フード頭巾,兜帽,
STR_EXPANSION_MARKET_CATEGORY_HELICOPTER,HELICOPTER,HELICOPTER,HELIKOPTÉRY,HUBSCHRAUBER,ВЕРТОЛЁТ,HELIKOPTERY,HELIKOPTER,ELICOTTERO,HELICOPTEROS,HÉLICOPTÈRE,直升機,HELICÓPTEROS,ヘリ,直升机,
STR_EXPANSION_MARKET_CATEGORY_HELMETS,HELMETS,HELMETS,HELMY,HELME,ШЛЕМЫ,HEŁMY,SISAKOK,ELMETTI,CASCOS,CASQUES,頭盔,CAPACETES,ヘルメット,头盔,
STR_EXPANSION_MARKET_CATEGORY_HOLSTERS,HOLSTERS & POUCHES,HOLSTERS & POUCHES,HOLSTERS & POUCHES,HOLSTER & TASCHEN,КОБУРЫ И ПОДСУМКИ,HOLSTERS & POUCHES,HOLSTERS & POUCHES,FONDINE E TASCONI,FUNDAS Y BOLSAS,ÉTUIS & POCHETTES,皮套和小袋,HOLSTERS & POUCHES,HOLSTERS & POUCHES,皮套和小袋,
STR_EXPANSION_MARKET_CATEGORY_KITS,KITS,KITS,KITY,SET,НАБОРЫ,ZESTAWY,KÉSZLETEK,KITS,KITS,KITS,工具包,CONJUNTOS,キット,工具包,
STR_EXPANSION_MARKET_CATEGORY_KNIFES,KNIFES,KNIFES,NOŽE,MESSER,НОЖИ,NOŻE,KÉSEK,COLTELLI,CUCHILLOS,COUTEAUX,刀,FACAS,刃物,刀,
STR_EXPANSION_MARKET_CATEGORY_LAUNCHERS,LAUNCHERS,LAUNCHERS,RAKETOMETY,RAKETENWERFER,ПУСКОВЫЕ УСТАНОВКИ,WYRZUTNIE,RAKÉTA/GRÁNÁT VETŐK,LANCIATORI,LANZADORES,LANCEURS,發射器,LANÇADORES,ランチャー,发射器,
STR_EXPANSION_MARKET_CATEGORY_LIGHTS,LIGHTS,LIGHTS,SVĚTLA,LICHTER,ЛАМПЫ,LAMPY,LÁMPÁK,LUCI,LUCES,LUMIÈRES,燈,LUZES,照明,灯,
STR_EXPANSION_MARKET_CATEGORY_LIQUIDS,LIQUIDS,LIQUIDS,TEKUTINY,FLÜSSIGKEITEN,ЖИДКОСТИ,PŁYNY,FOLYADÉKOK,LIQUIDI,LIQUIDOS,LIQUIDES,液體,LÍQUIDOS,液類,液体,
STR_EXPANSION_MARKET_CATEGORY_LOCKS,LOCKS,LOCKS,ZÁMKY,SCHLÖSSER,ЗАМКИ,ZAMKI,ZÁRAK,LUCCHETTI,CERROJOS,VÉROUX,鎖,CADEADOS,鍵類,锁,
STR_EXPANSION_MARKET_CATEGORY_MAGAZINES,MAGAZINES,MAGAZINES,ZÁSOBNÍKY,MAGAZINE,МАГАЗИНЫ,MAGAZYNKI,TÁRAK,CARICATORI,CARGADORES,CHARGEURS,彈夾,CARREGADORES,マガジン,弹夹,
STR_EXPANSION_MARKET_CATEGORY_MASKS,MASKS,MASKS,MASKY,MASKEN,МАСКИ,MASKI,MASZKOK,MASCHERE,MASCARAS,MASQUES,面具,MÁSCARAS,マスク,面具,
STR_EXPANSION_MARKET_CATEGORY_MEAT,MEAT,MEAT,MASO,FLEISCH,МЯСО,MIĘSO,HÚS,CARNE,CARNE,VIANDE,肉,CARNE,肉,肉,
STR_EXPANSION_MARKET_CATEGORY_MEDICALS,MEDICALS,MEDICALS,ZDRAVOTNICKÉ POTŘEBY,MEDIZIN,МЕДИЦИНА,MEDYKAMENTY,ELSŐ SEGÉLY,MEDICINALI,PRODUCTOS MEDICOS,MÉDICAL,藥品,ITENS MÉDICOS,医療品,药品,
STR_EXPANSION_MARKET_CATEGORY_MEELE_WEAPONS,MELEE WEAPONS,MELEE WEAPONS,RUČNÍ ZBRANĚ,NAHKAMPFWAFFEN,ХОЛОДНОЕ ОРУЖИЕ,BROŃ BIAŁA,KÉZI FEGYVEREK,ARMI DA MISCHIA,ARMAS DE COMBATE CUERPO A CUERPO,ARMES DE MÉLÉE,手持武器,ARMAS CORPO A CORPO,鈍器,手持武器,
STR_EXPANSION_MARKET_CATEGORY_MUZZLES,MUZZLES,MUZZLES,ÚSTÍ ZBRANĚ,MÜNDUNG,НАДУЛЬНЫЕ УСТРОЙСТВА,KOMPENSATORY,MUZZLES,ROMPIFIAMMA,BOZAL,CANON,槍口,BOCAL,マズル,枪口,
STR_EXPANSION_MARKET_CATEGORY_NAVIGATION,NAVIGATION,NAVIGATION,NAVIGACE,NAVIGATION,НАВИГАЦИЯ,NAWIGACJA,NAVIGÁCIÓ,NAVIGAZIONE,NAVEGACIÓN,NAVIGATION,導航,NAVEGAÇÃO,ナビゲーション,导航,
STR_EXPANSION_MARKET_CATEGORY_OPTICS,OPTICS,OPTICS,OPTIKY,VISIERE,ОПТИКА,OPTYKA,OPTIKÁK,OTTICHE,OPTICAS,VISEURS,瞄準鏡,MIRAS,スコープ類,瞄准镜,
STR_EXPANSION_MARKET_CATEGORY_PANTS,PANTS,PANTS,KALHOTY,HOSEN,ШТАНЫ,SPODNIE,NADRÁGOK,PANTALONI,PANTALONES,PANTALONS,牛仔褲,CALÇAS,ズボン,牛仔裤,
STR_EXPANSION_MARKET_CATEGORY_SHORTS,SHORTS,SHORTS,KRÁTKÉ KALHOTY,SHORTS,ШОРТЫ,SZORTY,RÖVIDNADRÁGOK,PANTALONCINI,PANTALONES CORTOS,SHORTS,短褲,BERMUDAS,ショーツ,短裤,
STR_EXPANSION_MARKET_CATEGORY_PISTOLS,PISTOLS,PISTOLS,PISTOLE,PISTOLEN,ПИСТОЛЕТЫ,PISTOLETY,PISZTOLYOK,PISTOLE,PISTOLAS,PISTOLETS,手槍,PISTOLAS,拳銃,手枪,
STR_EXPANSION_MARKET_CATEGORY_RIFLES,RIFLES,RIFLES,PUŠKY,GEWEHRE,ВИНТОВКИ,KARABINY,KARABÉLYOK,FUCILI,RIFLES,FUSILS,步槍,RIFLES,ライフル,步枪,
STR_EXPANSION_MARKET_CATEGORY_SHIRTS,SHIRTS,SHIRTS,KOŠILE,SHIRTS,РУБАХИ,KOSZULE,INGEK,MAGLIE,CAMISAS,CHEMISES,襯衫,CAMISAS,シャツ,衬衫,
STR_EXPANSION_MARKET_CATEGORY_TSHIRTS,T-SHIRTS,T-SHIRTS,TRIČKA,T-SHIRTS,ФУТБОЛКИ,PODKOSZULKI,PÓLÓK,MAGLIETTE,CAMISETAS,T-SHIRTS,T卹,CAMISETAS,T-シャツ,T卹,
STR_EXPANSION_MARKET_CATEGORY_SHOTGUNS,SHOTGUNS,SHOTGUNS,BROKOVNICE,SCHROTFLINTEN,ДРОБОВИКИ,STRZELBY,SÖRÉTESEK,FUCILI A POMPA,ESCOPETAS,FUSILS À POMPE,霰彈槍,ESPINGARDAS,ショットガン,霰弹枪,
STR_EXPANSION_MARKET_CATEGORY_SKIRTS,SKIRTS,SKIRTS,SUKNĚ,RÖCKE,ЮБКИ,SPÓDNICZKI,SZOKNYÁK,GONNE,FALDAS,JUPES,裙子,SAIAS,スカート,裙子,
STR_EXPANSION_MARKET_CATEGORY_DRESSES,DRESSES,DRESSES,ŠATY,KLEIDER,ПЛАТЬЯ,SUKIENKI,EGYBERUHÁK,VESTITI,VESTIDOS,ROBES,連衣裙,VESTIDOS,ドレス,连衣裙,
STR_EXPANSION_MARKET_CATEGORY_SNIPER_RIFLES,SNIPER RIFLES,SNIPER RIFLES,SNIPERKY,SCHARFSCHÜTZENGEWEHRE,СНАЙПЕРСКИЕ ВИНТОВКИ,KARABINY SNAJPERSKIE,MESTERLÖVÉSZ FEGYVEREK,FUCILI DA CECCHINO,RIFLES DE FRANCOTIRADOR,FUSILS DE SNIPER,狙擊步槍,RIFLES DE PRECISÃO,スナイパーライフル,狙击步枪,
STR_EXPANSION_MARKET_CATEGORY_SPRAYCANS,SPRAY CANS,SPRAYCANS,SPREJE,SPRAYDOSEN,БАЛЛОНЧИКИ С КРАСКОЙ,PUSZKI Z FARBĄ,SPRAY FLAKONOK,BOMBOLETTE SPRAI,LATAS DE AEROSOL,BOMBES DE PEINTURE,噴霧罐,LATAS DE TINTA SPRAY,スプレー缶,喷雾罐,
STR_EXPANSION_MARKET_CATEGORY_SUBMACHINE_GUNS,SUBMACHINE GUNS,SUBMACHINE GUNS,LEHKÉ KULOMETY,MASCHINENPISTOLEN,ПИСТОЛЕТЫ-ПУЛЕМЁТЫ,PISTOLETY MASZYNOWE,KÖNNYŰ GÉPFEGYVEREK,MITRAGLIATRICI LEGGERE,SUBFUSILES,MITRAILLETES,衝鋒槍,METRALHADORAS LEVES,サブマシンガン,冲锋枪,
STR_EXPANSION_MARKET_CATEGORY_SUPPLIES,SUPPLIES,SUPPLIES,ZÁSOBY,VORRÄTE,ПРИПАСЫ,ZAPASY,KÉSZLETEK,RIFORNIMENTI,SUMINISTROS,PROVISIONS,補給,SUPRIMENTOS,補給物資,补给,
STR_EXPANSION_MARKET_CATEGORY_SWEATERS,SWEATERS,SWEATERS,SVETRY,SWEATSHIRTS,СВИТЕРЫ,SWETRY,PULÓVEREK,MAGLIONI,SWEATER,PULLS,毛衣,SUÉTER,セーター,毛衣,
STR_EXPANSION_MARKET_CATEGORY_HOODIES,HOODIES,HOODIES,MINIKY,HOODIES,ТОЛСТОВКИ,BLUZY Z KAPTUREM,KAPUCNIS FELSŐK,FELPE,CAPUCHAS,SWEATS À CAPUCHE,連帽衫,HOODIES,パーカー,连帽衫,
STR_EXPANSION_MARKET_CATEGORY_TENTS,TENTS,TENTS,STANY,ZELTE,ПАЛАТКИ,NAMIOTY,SÁTRAK,TENDE,TIENDAS,TENTES,帳篷,TENDAS,テント,帐篷,
STR_EXPANSION_MARKET_CATEGORY_TOOLS,TOOLS,TOOLS,NÁSTROJE,WERKZEUGE,ИНСТРУМЕНТЫ,NARZĘDZIA,SZERSZÁMOK,ATTREZZI,HERRAMIENTAS,OUTILS,工具,FERRAMENTAS,道具,工具,
STR_EXPANSION_MARKET_CATEGORY_FRUIT_AND_VEGETABLES,VEGETABLES,FRUIT & VEGETABLES,FRUIT & VEGETABLES,OBST & GEMÜSE,ФРУКТЫ И ОВОЩИ,FRUIT & VEGETABLES,FRUIT & VEGETABLES,FRUTTA E VERDURA,FRUTAS Y VEGETALES,FRUITS & LÉGUMES,水果和蔬菜,FRUIT & VEGETABLES,FRUIT & VEGETABLES,水果和蔬菜,
STR_EXPANSION_MARKET_CATEGORY_VEHICLE_PARTS,VEHICLE PARTS,VEHICLE PARTS,NÁHRADNÍ DÍLY,FAHRZEUGTEILE,ЗАПЧАСТИ ДЛЯ МАШИН,CZĘŚCI SAMOCHODOWE,JÁRMŰ ALKATRÉSZEK,PARTI DI VEICOLI,PARTES DE VEHICULOS,PIÈCES DÉTACHÉES,汽車配件,PARTES DE VEÍCULOS,乗物部品,汽车配件,
STR_EXPANSION_MARKET_CATEGORY_VESTS,VESTS,VESTS,VESTY,WESTEN,ЖИЛЕТЫ,KAMIZELKI,MELLÉNYEK,GILET,CHALECOS,GILETS,背心,COLETES,ヴェスト,背心,
STR_EXPANSION_MARKET_CATEGORY_CROSSBOWS,CROSSBOWS,CROSSBOWS,KUŠE,ARMBRÜSTE,АРБАЛЕТЫ,KUSZE,CROSSBOWS,BALESTRE,BALLESTAS,ARBALÈTES,十字弩,BESTA,CROSSBOWS,十字弩,
STR_EXPANSION_MARKET_CATEGORY_FURNISHINGS,FURNISHINGS,FURNISHINGS,FURNISHINGS,EINRICHTUNGSGEGENSTÄNDE,МЕБЕЛЬ,FURNISHINGS,FURNISHINGS,MOBILIO,MOBILIARIO,AMEUBLEMENT,陳設,FURNISHINGS,FURNISHINGS,陈设,
STR_EXPANSION_MARKET_CATEGORY_FLAGS,FLAGS,FLAGS,FLAGS,FLAGGEN,ФЛАГИ,FLAGS,FLAGS,BANDIERE,BANDERAS,DRAPEAUX,旗幟,FLAGS,FLAGS,旗帜,
STR_EXPANSION_MARKET_OPTION_ATTACHMENTS,Buy with Attachments,Buy with Attachments,Buy with Attachments,Mit Zubehör kaufen,Купить с обвесами,Buy with Attachments,Buy with Attachments,Compra con accessori,Comprar con accesorios,Acheter avec accessoires ,帶附件購買,Buy with Attachments,Buy with Attachments,带附件购买,
STR_EXPANSION_MARKET_TOOLTIP_ATTACHMENTS_TITLE,Attachments,Attachments, Attachments,Zubehör,Обвесы, Attachments, Attachments,Accessori,Accesorios,Accessoires ,附件, Attachments,Attachments,附件,
STR_EXPANSION_MARKET_TOOLTIP_ATTACHMENTS_DESC,To select and attach this item you need to select and add or remove a different attachment first!,To select and attach this item you need to select and add or remove a different attachment first!,To select and attach this item you need to select and add or remove a different attachment first!,"Um dieses Zubehör zu nutzen, musst du erst ein anderes Zubehör entfernen oder wechseln.","Чтобы выбрать и прикрепить этот элемент, необходимо сначала выбрать и добавить или удалить другое вложение!",To select and attach this item you need to select and add or remove a different attachment first!,To select and attach this item you need to select and add or remove a different attachment first!,To select and attach this item you need to select and add or remove a different attachment first!,Para seleccionar y agregar este ítem tienes que seleccionar o remover un accesorio diferente primero!,"Pour sélectionner et attacher cet attachement, vous devez d'abord sélectionner et ajouter ou supprimer un autre attachement !",要選擇並附加此項目，您需要先選擇並添加或刪除不同的附件！,To select and attach this item you need to select and add or remove a different attachment first!,To select and attach this item you need to select and add or remove a different attachment first!,要选择并附加此项目，您需要先选择并添加或删除不同的附件！,
STR_EXPANSION_MARKET_TOOLTIP_ATTACHMENTS_TEXT,When you buy this market item you get these attachments attached to the object. The price is calculated from the purchased item plus the price of the attachments displayed here:,When you buy this market item you get these attachments attached to the object. The price is calculated from the purchased item plus the price of the attachments displayed here:,When you buy this market item you get these attachments attached to the object. The price is calculated from the purchased item plus the price of the attachments displayed here:,Beim Kauf dieses Gegenstands erhältst du die folgenden Zubehörteile (der Gesamtpreis ist entsprechend höher als der Grundpreis des Gegenstands):,"Когда вы покупаете этот предмет, вы получаете эти обвесы, прикрепленные к предмету. Цена рассчитывается из стоимости купленного предмета плюс стоимость отображаемых здесь обвесов:",When you buy this market item you get these attachments attached to the object. The price is calculated from the purchased item plus the price of the attachments displayed here:,When you buy this market item you get these attachments attached to the object. The price is calculated from the purchased item plus the price of the attachments displayed here:,Quando compri questo articolo verranno acquistati anche gli accessori. Il prezzo è calcolato dal prezzo dell'articolo più gli accessori elencati qui:,"Cuando compras este artículo, obtienes estos archivos adjuntos al objeto. El precio se calcula a partir del artículo comprado más el precio de los archivos adjuntos que se muestran aquí","Lorsque vous achetez cet article du marché, vous obtenez ces pièces jointes attachées à l'objet. Le prix est calculé à partir de l'article acheté plus le prix des pièces jointes affiché ici :",當您購買此市場物品時，您會獲得這些附件附加到該對像上。 價格是根據購買的物品加上此處顯示的附件價格計算得出：,When you buy this market item you get these attachments attached to the object. The price is calculated from the purchased item plus the price of the attachments displayed here:,When you buy this market item you get these attachments attached to the object. The price is calculated from the purchased item plus the price of the attachments displayed here:,当您购买此市场物品时，您会获得这些附件附加到该对像上。 价格是根据购买的物品加上此处显示的附件价格计算得出：,
STR_EXPANSION_MARKET_ITEM_TOOLTIP_OTHERITEMS,You have %1 different other items in this item.,You have %1 different other items in this item.,You have %1 different other items in this item.,Dieser Gegenstand enthält %1 andere Dinge.,У вас есть %1 другой предмет в этом предмете.,You have %1 different other items in this item.,You have %1 different other items in this item.,Hai %1 diversi oggetti in questo oggetto!,Tiene %1 elementos diferentes en este elemento.,Vous avez %1 autres éléments différents dans cet élément.,您在此項目中有 %1 個不同的其他項目。,You have %1 different other items in this item.,You have %1 different other items in this item.,您在此项目中有 %1 个不同的其他项目。,
STR_EXPANSION_MARKET_ITEM_TOOLTIP_ATTACHMENTS,You have %1 different other attachments on this item.,You have %1 different other attachments on this item.,You have %1 different other attachments on this item.,Es befinden sich %1 Zubehörteile an diesem Gegenstand.,У вас есть %1 другой обвес в этом предмете.,You have %1 different other attachments on this item.,You have %1 different other attachments on this item.,Hai %1 diversi accessori in questo oggetto!,Tiene %1 otros archivos adjuntos diferentes en este artículo.,Vous avez %1 autres pièces jointes différentes sur cet élément.,您在此項目上有 %1 個不同的其他附件。,You have %1 different other attachments on this item.,You have %1 different other attachments on this item.,您在此项目上有 %1 个不同的其他附件。,
STR_EXPANSION_MARKET_ITEM_TOOLTIP_ONSLOT,You have this item equipped on a inventory slot!,You have this item equipped on a inventory slot!,You have this item equipped on a inventory slot!,Du hast diesen Gegenstand auf einem Inventarslot ausgerüstet!,Вы установили этот предмет в слот инвентаря!,You have this item equipped on a inventory slot!,You have this item equipped on a inventory slot!,Questo oggetto è equip. in uno slot inventario!,¡Tienes este artículo equipado en una ranura de tu inventario!,Vous avez cet objet équipé sur un emplacement d'inventaire!,您已將此物品裝備在庫存槽中！,You have this item equipped on a inventory slot!,You have this item equipped on a inventory slot!,您已将此物品装备在库存槽中！,
STR_EXPANSION_MARKET_ITEM_TOOLTIP_BULLETS,You have %1 bullets in one magazine of this type.,You have %1 bullets in one magazine of this type.,You have %1 bullets in one magazine of this type.,Es befinden sich %1 Kugeln in einem Magazin dieses Typs.,У вас %1 патронов в одном магазине данного типа.,You have %1 bullets in one magazine of this type!,You have %1 bullets in one magazine of this type.,Hai %1 munizioni in questo caricatore!,Tienes %1 balas en un cargador de este tipo.,Vous avez %1 balles dans un chargeur de ce type.,一本此類雜誌中有 %1 發子彈。,You have %1 bullets in one magazine of this type.,You have %1 bullets in one magazine of this type.,一本此类杂志中有 %1 发子弹。,
STR_EXPANSION_MARKET_ITEM_TOOLTIP_ATTACHED_WEAPON,You have this item attached on a %1 weapon.,You have this item attached on a %1 weapon.,You have this item attached on a %1 weapon.,Dieser Gegenstand ist an einer Waffe %1 angebracht.,Вы прикрепили этот предмет к оружию %1.,You have this item attached on a %1 weapon.,You have this item attached on a %1 weapon.,Questo oggetto è montato su un %1.,Tienes este objeto adjunto en un %1 arma.,Vous avez cet objet attaché à une arme %1.,您在 %1 武器上附有此物品。,You have this item attached on a %1 weapon.,You have this item attached on a %1 weapon.,您在 %1 武器上附有此物品。,
STR_EXPANSION_MARKET_ITEM_TOOLTIP_ATTACHED_ITEM,You have this item attached on %1.,You have this item attached on %1.,You have this item attached on %1.,Dieser Gegenstand ist an %1 angebracht.,Вы прикрепили этот предмет на %1.,You have this item attached on %1.,You have this item attached on %1.,Questo oggetto è montato su %1.,Tiene este elemento adjunto en %1.,Vous avez cet élément attaché le %1.,您在 %1 上附加了此項目。,You have this item attached on %1.,You have this item attached on %1.,您在 %1 上附加了此项目。,
STR_EXPANSION_MARKET_ITEM_TOOLTIP_WARNING_SELL_WEAPONATT,WARNING: The following weapon attachments will also get sold to the trader:,WARNING: The following weapon attachments will also get sold to the trader:,WARNING: The following weapon attachments will also get sold to the trader:,WARNING: The following weapon attachments will also get sold to the trader:,ВНИМАНИЕ: Следующие приспособления для оружия также будут проданы торговцу:,WARNING: The following weapon attachments will also get sold to the trader:,WARNING: The following weapon attachments will also get sold to the trader:,ATTENZIONE! I seguenti accessori dell'arma saranno anch'essi venduti:,ADVERTENCIA: Los siguientes accesorios tambien van a ser vendidos:,AVERTISSEMENT : les accessoires d'armes suivants seront également vendus au commerçant :,警告：以下武器附件也將出售給商人：,WARNING: The following weapon attachments will also get sold to the trader:,WARNING: The following weapon attachments will also get sold to the trader:,警告：以下武器附件也将出售给商人：,
STR_EXPANSION_MARKET_ITEM_TOOLTIP_WARNING_SELL_ATT,WARNING: The following attachments will also get sold to the trader:,WARNING: The following attachments will also get sold to the trader:,WARNING: The following attachments will also get sold to the trader:,WARNING: The following attachments will also get sold to the trader:,ВНИМАНИЕ: Следующие аттачменты также будут проданы торговцу:,WARNING: The following attachments will also get sold to the trader:,WARNING: The following attachments will also get sold to the trader:,ATTENZIONE! I seguenti accessori saranno anch'essi venduti:,ADVERTENCIA: Los siguientes accesorios tambien van a ser vendidos:,AVERTISSEMENT : Les attachements suivantes seront également vendues au commerçant :,警告：以下附件也將出售給交易者：,WARNING: The following attachments will also get sold to the trader:,WARNING: The following attachments will also get sold to the trader:,警告：以下附件也将出售给交易者：,
STR_EXPANSION_MARKET_PURCHASE_DIALOG_TITLE,Confirm Purchase,Confirm Purchase,Confirm Purchase,Kauf Bestätigen,Подтвердить покупку,Confirm Purchase,Confirm Purchase,Conferma Acquisto ,Confirmar Compra,Confirmer l'achat,確認購買,Confirm Purchase,Confirm Purchase,确认购买,
STR_EXPANSION_MARKET_PURCHASE_DIALOG_TEXT,Are you sure that you want to buy %1x %2 for a price of %3?,Are you sure that you want to buy %1x %2 for a price of %3?,Are you sure that you want to buy %1x %2 for a price of %3?,"Bist du sicher, dass du %1x den Gegenstand %2 zum Preis von %3 kaufen möchtest?","Вы уверены, что хотите купить %1x %2 по цене %3?",Are you sure that you want to buy %1x %2 for a price of %3?,Are you sure that you want to buy %1x %2 for a price of %3?,Sei sicuro di voler comprare %1x %2 per un prezzo di %3?,Estas seguro que deseas comprar %1x %2 a un precio de %3?,Êtes-vous sûr de vouloir acheter %1x %2 pour un prix de %3 ?,您確定要以 %3 的價格購買 %1x %2 嗎？,Are you sure that you want to buy %1x %2 for a price of %3?,Are you sure that you want to buy %1x %2 for a price of %3?,您确定要以 %3 的价格购买 %1x %2 吗？,
STR_EXPANSION_MARKET_PURCHASE_DIALOG_TEXT_ATTACHMENTS,Are you sure that you want to buy %1x %2 for a price of %3 and with the selected attachments?,Are you sure that you want to buy %1x %2 for a price of %3 and with the selected attachments?,Are you sure that you want to buy %1x %2 for a price of %3 and with the selected attachments?,"Bist du sicher, dass du %1x den Gegenstand %2 zum Preis von %3 und mit allen ausgewählten Zubehörteilen kaufen möchtest?","Вы уверены, что хотите купить %1x %2 по цене %3 и с выбранными аттачментами?",Are you sure that you want to buy %1x %2 for a price of %3 and with the selected attachments?,Are you sure that you want to buy %1x %2 for a price of %3 and with the selected attachments?,Sei sicuro di voler comprare %1x %2 per un prezzo di %3 con gli accessori selezionati?,Estas seguro que deseas comprar %1x %2 a un precio de %3 con los accesorios seleccionados?,Êtes-vous sûr de vouloir acheter %1x %2 au prix de %3 et avec les attachments sélectionnées ?,您確定要以 %3 的價格購買 %1x %2 並帶有選定的附件嗎？,Are you sure that you want to buy %1x %2 for a price of %3 and with the selected attachments?,Are you sure that you want to buy %1x %2 for a price of %3 and with the selected attachments?,您确定要以 %3 的价格购买 %1x %2 并带有选定的附件吗？,
STR_EXPANSION_MARKET_DIALOG_ACCEPT,[Y/Z] ACCEPT,[Y/Z] ACCEPT,[Y/Z] ACCEPT,[Y/Z] AKZEPTIEREN,[Y/Z] ПРИНЯТЬ,[Y/Z] ACCEPT,[Y/Z] ACCEPT,[Y/Z] ACCETTA,[Y/Z] ACEPTAR,[Y/Z] ACCEPTER,[Y/Z] 接受,[Y/Z] ACCEPT,[Y/Z] ACCEPT,[Y/Z] 接受,
STR_EXPANSION_MARKET_DIALOG_CANCLE,[C] CANCEL,[C] CANCEL,[C] CANCEL,[C] ABBRECHEN,[C] ЗАКРЫТЬ,[C] CANCEL,[C] CANCEL,[C] ANNULLA ,[C] CANCELAR,[C] ANNULER,[C] 取消,[C] CANCEL,[C] CANCEL,[C] 取消,
STR_EXPANSION_MARKET_SELL_DIALOG_TITLE,Confirm Sell,Confirm Sell,Confirm Sell,Verkauf Bestätigen,Подтвердить продажу,Confirm Sell,Confirm Sell,Conferma Vendita,Confirmar Venta,Confirmer la vente,確認賣出,Confirm Sell,Confirm Sell,确认卖出,
STR_EXPANSION_MARKET_SELL_DIALOG_TEXT,Are you sure that you want to sell %1x %2 for a price of %3?,Are you sure that you want to sell %1x %2 for a price of %3?,Are you sure that you want to sell %1x %2 for a price of %3?,"Bist du sicher, dass du %1x den Gegenstand %2 zum Preis von %3 verkaufen möchtest?","Вы уверены, что хотите продать %1x %2 по цене %3?",Are you sure that you want to sell %1x %2 for a price of %3?,Are you sure that you want to sell %1x %2 for a price of %3?,Sei sicuro di voler vendere %1x %2 per un prezzo di %3?,Estas seguro que deseas vender %1x %2 a un precio de %3?,Êtes-vous sûr de vouloir vendre %1x %2 pour un prix de %3 ?,您確定要以 %3 的價格出售 %1x %2 嗎？,Are you sure that you want to sell %1x %2 for a price of %3?,Are you sure that you want to sell %1x %2 for a price of %3?,您确定要以 %3 的价格出售 %1x %2 吗？,
STR_EXPANSION_MARKET_SELL_DIALOG_TEXT_ATTACHMENTS,Are you sure that you want to sell %1x %2 for a price of %3 and with its attachments?,Are you sure that you want to sell %1x %2 for a price of %3 and with its attachments?,Are you sure that you want to sell %1x %2 for a price of %3 and with its attachments?,"Bist du sicher, dass du %1x den Gegenstand %2 zum Preis von %3 und mit allem angebrachten Zubehör verkaufen möchtest?","Вы уверены, что хотите продать %1x %2 по цене %3 и с аттачментами?",Are you sure that you want to sell %1x %2 for a price of %3 and with its attachments?,Are you sure that you want to sell %1x %2 for a price of %3 and with its attachments?,Sei sicuro di voler comprare %1x %2 per un prezzo di %3 con tutti i suoi accessori?,Estas seguro que deseas vender %1x %2 a un precio de %3 con los accesorios seleccionados?,Êtes-vous sûr de vouloir vendre %1x %2 pour un prix de %3 et avec ses attachements ?,您確定要以 %3 的價格出售 %1x %2 及其附件嗎？,Are you sure that you want to sell %1x %2 for a price of %3 and with its attachments?,Are you sure that you want to sell %1x %2 for a price of %3 and with its attachments?,您确定要以 %3 的价格出售 %1x %2 及其附件吗？,
STR_EXPANSION_MARKET_SELL_DIALOG_WARNING_MAG,WARNING: A amount of %1 bullets in this magazine will also get sold to the trader.,WARNING: A amount of %1 bullets in this magazine will also get sold to the trader.,WARNING: A amount of %1 bullets in this magazine will also get sold to the trader.,WARNUNG: %1 Patronen in diesem Magazin werden ebenfalls an den Händler verkauft.,ВНИМАНИЕ: Количество патронов %1 в этом магазине также будет продано торговцу.,WARNING: A amount of %1 bullets in this magazine will also get sold to the trader.,WARNING: A amount of %1 bullets in this magazine will also get sold to the trader.,ATTENZIONE: %1 proiettili verranno venduti insieme al caricatore ,ADVERTENCIA: %1 balas en este cartucho tambien van a ser vendidas junto al mismo.,AVERTISSEMENT : un nombre de %1 balles dans ce magazine sera également vendu au commerçant.,警告：本雜誌中的 %1 顆子彈也將出售給交易者。,WARNING: A amount of %1 bullets in this magazine will also get sold to the trader.,WARNING: A amount of %1 bullets in this magazine will also get sold to the trader.,警告：本杂志中的 %1 颗子弹也将出售给交易者。,
STR_EXPANSION_MARKET_SELL_DIALOG_WARNING_ATTACHED,WARNING: The item is attached to another item:,WARNING: The item is attached to another item:,WARNING: The item is attached to another item:,WARNUNG: Der Gegenstand ist an einem anderen Gegenstand angebracht:,ПРЕДУПРЕЖДЕНИЕ: Аттачмент прикреплен к другому аттачменты:,WARNING: The item is attached to another item:,WARNING: The item is attached to another item:,ATTENZIONE: L'oggetto è attaccato ad un altro oggetto ,ADVERTENCIA: El item se encuentra insertado en otro item:,ATTENTION : L'article est attaché à un autre article:,警告：該項目附加到另一個項目：,WARNING: The item is attached to another item:,WARNING: The item is attached to another item:,警告：该项目附加到另一个项目：,
STR_EXPANSION_MARKET_QUANTITY_DIALOG_TITLE,Set Quantity,Set Quantity,Set Quantity,Menge,Количество комплектов,Set Quantity,Set Quantity,Fissa Quantità ,Cantidad,Définir quantité,設置數量,Set Quantity,Set Quantity,设置数量,
STR_EXPANSION_MARKET_QUANTITY_DIALOG_TEXT,Please enter the desired quantity:,Please enter the desired quantity:,Please enter the desired quantity:,Bitte gib die gewünschte Menge ein:,"Пожалуйста, введите желаемое количество:",Please enter the desired quantity:,Please enter the desired quantity:,Per favore specificare la quantità desiderata:,Por favor ingresa la cantidad deseada:,Veuillez saisir la quantité souhaitée:,請輸入所需數量：,Please enter the desired quantity:,Please enter the desired quantity:,请输入所需数量：,
STR_EXPANSION_MARKET_QUANTITY_ERROR_NUMBERS,Only numbers are allowed!,Only numbers are allowed!,Only numbers are allowed!,Nur Zahlen sind erlaubt!,Разрешается использовать только цифры!,Only numbers are allowed!,Only numbers are allowed!,Soltanto numeri sono accettati!,Solo se permiten numeros!,Seuls les chiffres sont autorisés!,只允許數字！,Only numbers are allowed!,Only numbers are allowed!,只允许数字！,
STR_EXPANSION_MARKET_QUANTITY_ACCEPT,ACCEPT,ACCEPT,ACCEPT,AKZEPTIEREN,ПРИНЯТЬ,ACCEPT,ACCEPT,ACCETTA,ACEPTAR,ACCEPTER,接受,ACCEPT,ACCEPT,接受,
STR_EXPANSION_MARKET_QUANTITY_CANCLE,CANCEL,CANCEL,CANCEL,ABBRECHEN,ЗАКРЫТЬ,CANCEL,CANCEL,ANNULLA,CANCELAR,ANNULER,取消,CANCEL,CANCEL,取消,
STR_EXPANSION_MARKET_TRADER_EXCHANGE,EXCHANGE TRADER,EXCHANGE TRADER,SMĚNNÝ OBCHODNÍK,UMTAUSCHHÄNDLER,Обменник,WYMIANA WALUT,VALUTAVÁLTÓ TRADER,TRADER CAMBIAVALUTA,INTERCAMBIO DE DINERO,Trader de Change,換物商人,NEGOCIANTE,交換トレーダー,换物商人,
STR_EXPANSION_MARKET_TRADER_CLOTHING,CLOTHING TRADER,CLOTHING TRADER,OBCHODNÍK S OBLEČENÍM,KLEIDUNGSHÄNDLER,Торговец одеждой,HANDLARZ UBRANIAMI,RUHA TRADER,TRADER VESTITI,VENDEDOR DE ROPA,Trader de vêtements,服裝商人,VENDEDOR DE ROUPA,洋服トレーダー,服装商人,
STR_EXPANSION_MARKET_TRADER_WEAPONS,WEAPONS TRADER,WEAPONS TRADER,OBCHODNÍK SE ZBRANĚMI,WAFFENHÄNDLER,Торговец оружием,HANDLARZ BRONIĄ,WEAPON TRADER,TRADER ARMI,VENDEDOR DE ARMA,Trader d'armes,武器商人,ARMEIRO,武器トレーダー,武器商人,
STR_EXPANSION_MARKET_TRADER_VEHICLES,VEHICLES TRADER,VEHICLES TRADER,OBCHODNÍK S VEHIKLY,FAHRZEUGHÄNDLER,Автодиллер,HANDLARZ POJAZDAMI,JÁRMŰ TRADER,TRADER VEICOLI,VENDEDOR DE VEHICULOS,Trader de véhicules,車輛商人,VENDEDOR DE VEÍCULOS,車両トレーダー,车辆商人,
STR_EXPANSION_MARKET_TRADER_ATTACHMENTS,ATTACHMENTS TRADER,ATTACHMENTS TRADER,OBCHODNÍK S DOPLŇKY,AUFSATZHÄNDLER,ПРОДАВЕЦ ОРУЖЕЙНЫХ ПРИСПОСОБЛЕНИЙ,HANDLARZ DODATKAMI,FEGYVER KIEGÉSZÍTŐS TRADER,TRADER ATTACHMENTS,VENDEDOR DE ACCESORIOS,Trader d'accéssoires,配件商人,VENDEDOR DE ACESSÓRIOS DE ARMA,アタッチメントトレーダー,配件商人,
STR_EXPANSION_MARKET_TRADER_SPECIAL,SPECIAL TRADER,SPECIAL TRADER,SPECIÁLNÍ OBCHODNÍK,SPEZIALHÄNDLER,Особый торговец,HANDLARZ SPECJALNY,SPECIÁLIS TRADER,TRADER SPECIALE,VENDEDOR ESPECIAL,Trader spécial,特別商人,VENDEDOR ESPECIAL,特殊トレーダー,特别商人,
STR_EXPANSION_MARKET_TRADER_CLOTHING_ACCESSORIES,CLOTHING ACCESSORIES TRADER,CLOTHING ACCESSORIES TRADER,OBCHODNÍK S DOPLŇKY NA OBLEČENÍ,ACCESSOIREHÄNDLER,ПРОДАВЕЦ АКСЕССУАРОВ ОДЕЖДЫ,HANDLARZ AKCESORIAMI DO UBRAŃ,RUHA KIEGÉSZÍTŐS TRADER,TRADER ACCESSORI ABBIGLIAMENTO,VENDEDOR DE ACCESORIOS DE ROPA,Trader d'accéssoires de vêtements,衣物輔助商人,VENDEDOR DE ACESSÓRIOS DE ROUPA,アクセサリートレーダー,衣物辅助商人,
STR_EXPANSION_MARKET_TRADER_VEHICLE_PARTS,VEHICLE PARTS TRADER,VEHICLE PARTS TRADER,OBCHODNÍK S NÁHRADNÍMI DÍLY PRO VEHIKLY,FAHREZUGTEILEHÄNDLER,ПРОДАВЕЦ ЗАПЧАСТЕЙ ДЛЯ МАШИН,HANDLARZ CZĘŚCIAMI DO POJAZDÓW,JÁRMŰ ALKATRÉSZ TRÉDER,TRADER PARTI DI AUTO,VENDEDOR DE PARTES DE COCHE,Trader de pièces détachées,汽車配件商人,VENDEDOR DE PARTES DE VEÍCULOS,乗物部品トレーダー,汽车配件商人,
STR_EXPANSION_MARKET_TRADER_AIRCRAFT,AIRCRAFT TRADER,AIRCRAFT TRADER,OBCHODNÍK S LETADLY,FLUGZEUGHÄNDLER,ПРОДАВЕЦ ВОЗДУШНОЙ ТЕХНИКИ,HANDLARZ POJAZDÓW LATAJĄCYCH,LÉGI JÁRMŰ TRADER,TRADER AEROPLANI,VENDEDOR DE VEHICULOS AEREOS,Trader de véhicules aériens,飛行器商人,VENDEDOR DE AERONAVES,航空機トレーダー,飞行器商人,
STR_EXPANSION_MARKET_TRADER_CUSTOM,CUSTOM TRADER,CUSTOM TRADER,CUSTOM OBCHODNÍK,BENUTZERDEFINIERTER HÄNDLER,ПРОДАВЕЦ,HANDLARZ NIESTANDARDOWY,EGYEDI TRADER,TRADER PERSONALIZZATO,VENDEDOR PERSONALIZADO,Trader personnalisé,海關商人,VENDEDOR CUSTOMIZÁVEL,カスタムトレーダー,海关商人,
STR_EXPANSION_MARKET_TRADER_BOATS,BOATS TRADER,BOATS TRADER,OBCHODNÍK S LODĚMI,BOOTSHÄNDLER,ПРОДАВЕЦ ЛОДОК,HANDLARZ ŁODZIAMI,HAJÓ/CSÓNAK TRADER,TRADER NAVI,VENDEDOR DE BARCOS,Trader de bâteaux,船舶商人,VENDEDOR DE BARCOS,船舶トレーダー,船舶商人,
STR_EXPANSION_MARKET_TRADER_COMPONENTS,COMPONENTS TRADER,COMPONENTS TRADER,OBCHODNÍK S KOMPONENTAMI,KOMPONENTENHÄNDLER,ПРОДАВЕЦ КОМПОНЕНТОВ,HANDLARZ KOMPONENTAMI,HOZZÁVALÓK TRADER,TRADER COMPONENTISTICA,VENDEDOR DE COMPONENTES,Trader de composants,零部件商人,VENDEDOR DE COMPONENTES,部品トレーダー,零部件商人,
STR_EXPANSION_MARKET_TRADER_MEDICALS,MEDICALS TRADER,MEDICALS TRADER,OBCHODNÍK SE ZDRAVOTNICKÝMI POTŘEBAMI,MEDIZINHÄNDLER,ПРОДАВЕЦ МЕДИЦИНЫ,HANDLARZ MEDYKAMENTAMI,EGÉSZSÉGÜGYI TRADER,TRADER MEDICINALI,VENDEDOR DE PRODUCTOS MEDICOS,Trader médical,醫療商人,VENDEDOR MÉDICO,医療品トレーダー,医疗商人,
STR_EXPANSION_MARKET_TRADER_FISHING,FISHING TRADER,FISHING TRADER,OBCHODNÍK PRO RYBAŘE,ANGELHÄNDLER,ПРОДАВЕЦ СНАСТЕЙ,HANDLARZ RYBACKI,HORGÁSZ TRADER,TRADER PESCA,VENDEDOR DE PRODUCTOS DE PESCA,Trader de pêche,釣魚商人,VENDEDOR DE PESCA,釣り関連トレーダー,钓鱼商人,
STR_EXPANSION_MARKET_TRADER_CONSUMABLES,CONSUMABLES TRADER,CONSUMABLES TRADER,OBCHODNÍK SE SPOTŘEBNÍM ZBOŽÍM,VERBRAUCHSGEGENSTANDSHÄNDLER,ПРОДАВЕЦ ЕДЫ,HANDLARZ KONSUMPCYJNY,FOGYASZTÓI CIKK TRADER,TRADER CONSUMABILI,VENDEDOR DE PRODUCTOS CONSUMIBLES,Trader de consommables,消耗品商人,VENDEDOR DE CONSUMÍVEIS,消耗品トレーダー,消耗品商人,
STR_EXPANSION_MARKET_TRADER_SPRAYCANS,SPRAYCANS TRADER,SPRAYCANS TRADER,SPRAYCANS TRADER,SPRÜHFLASCHEN HÄNDLER,ПРОДАВЕЦ БАЛЛОНЧИКОВ,SPRAYCANS TRADER,SPRAYCANS TRADER,TRADER BOMBOLETTE SPRAY,VENDEDOR DE AEROSOLES,Trader de bombes de peintures,噴霧器貿易商,SPRAYCANS TRADER,SPRAYCANS TRADER,喷雾器贸易商,
STR_EXPANSION_MARKET_TRADER_BUILDING_SUPPLIES,BUILDING SUPPLIES TRADER,BUILDING SUPPLIES TRADER,BUILDING SUPPLIES TRADER,BAUMATERIALIEN HÄNDLER,ПРОДАВЕЦ СТРОИТЕЛЬНЫХ МАТЕРИАЛОВ,BUILDING SUPPLIES TRADER,BUILDING SUPPLIES TRADER,TRADER ATTREZZATURE DA COSTRUZIONE ,VENDEDOR DE INSUMOS DE CONTRUCCION,Trader de fournitures de construction,建築用品貿易商,BUILDING SUPPLIES TRADER,BUILDING SUPPLIES TRADER,建筑用品贸易商,
STR_EXPANSION_MARKET_PRESETS_SAVED,Preset saved!,Preset saved!,Preset saved!,Vorlage gespeichert!,Пресет сохранён!,Preset saved!,Preset saved!,Preset salvato!,Configuracion guardada!,Préréglage enregistré !,預設已保存！,Preset saved!,Preset saved!,预设已保存！,
STR_EXPANSION_MARKET_PRESETS_ERROR_NO_ATTACHMENTS,There are no attachments selected! You need to select at least one attachment in order to save this preset!,There are no attachments selected! You need to select at least one attachment in order to save this preset!,There are no attachments selected! You need to select at least one attachment in order to save this preset!,"Es wurden keine Anhänge ausgewählt! Du musst mindestens einen Anhang auswählen, um diese Vorlage zu speichern!","Не выбрано ни одного аттачмента! Вам необходимо выбрать хотя бы однин аттачмент, чтобы сохранить эту пресет!",There are no attachments selected! You need to select at least one attachment in order to save this preset!,There are no attachments selected! You need to select at least one attachment in order to save this preset!,Non ci sono accessori selezionati! Devi selezionare almeno un accessorio per poter salvare il preset!,No hay accesorios seleccionados! Tienes que seleccionar al menos un accesorio para guardar esta configuración!,Il n'y a pas d'attachements sélectionnées ! Vous devez sélectionner au moins un attachement pour enregistrer ce préréglage !,沒有選擇任何附件！ 您需要至少選擇一個附件才能保存此預設！,There are no attachments selected! You need to select at least one attachment in order to save this preset!,There are no attachments selected! You need to select at least one attachment in order to save this preset!,没有选择任何附件！ 您需要至少选择一个附件才能保存此预设！,
STR_EXPANSION_MARKET_PRESETS_ERROR_NAME,You need to enter a name for this preset first in order to save it!,You need to enter a name for this preset first in order to save it!,You need to enter a name for this preset first in order to save it!,Du must zuerst einen Namen für diese Vorlage eingeben!,"Чтобы сохранить этот пресет, сначала нужно ввести имя для него!",You need to enter a name for this preset first in order to save it!,You need to enter a name for this preset first in order to save it!,Devi dare un nome al preset prima di poterlo salvare!,Ingresa un nombre a esta configuración para poder guardarla!,Vous devez d'abord saisir un nom pour ce préréglage afin de l'enregistrer !,您需要先輸入此預設的名稱才能保存！,You need to enter a name for this preset first in order to save it!,You need to enter a name for this preset first in order to save it!,您需要先输入此预设的名称才能保存！,
STR_EXPANSION_MARKET_PRESETS_ERROR_INVALID,Preset contains a attachment item that is not part of this market! Can't load preset!,Preset contains a attachment item that is not part of this market! Can't load preset!,Preset contains a attachment item that is not part of this market! Can't load preset!,"Diese Vorlage enthält einen Anhang, der nicht in diesem Markt enthalten ist! Die Vorlage kann nicht geladen werden!","Пресет содержит элемент вложения, который не входит в этот магазин! Не удается загрузить пресет!",Preset contains a attachment item that is not part of this market! Can't load preset!,Preset contains a attachment item that is not part of this market! Can't load preset!,Il preset contiene un accessorio che non è parte di questo mercato! Impossibile salvare!,La configuración contiene un accesorio que no es parte de este mercado! No se puede cargar!,Le préréglage contient un attachment qui ne fait pas partie de ce marché ! Impossible de charger le préréglage !,預設包含不屬於此市場的附件項目！ 無法加載預設！,Preset contains a attachment item that is not part of this market! Can't load preset!,Preset contains a attachment item that is not part of this market! Can't load preset!,预设包含不属于此市场的附件项目！ 无法加载预设！,
STR_EXPANSION_MARKET_PRESETS_SELECTOR_LABEL,PRESETS,PRESETS,PRESETS,VORLAGEN,ПРЕСЕТЫ,PRESETS,PRESETS,PRESETS,PRECONFIGURACIONES,PRÉCONFIGURATIONS,預設,PRESETS,PRESETS,预设,
STR_EXPANSION_MARKET_PRESETS_EDITBOX_LABEL,NEW PRESET,NEW PRESET,NEW PRESET,NEUE VORLAGE,НОВЫЕ ПРЕСЕТЫ,NEW PRESET,NEW PRESET,NUOVO PRESET,NUEVA CONFIGURACION,NOUVEAU PRÉRÉGLAGE,新預設,NEW PRESET,NEW PRESET,新预设,
STR_EXPANSION_MARKET_PRESETS_SAVE_BUTTON_LABEL,SAVE PRESET,SAVE PRESET,SAVE PRESET,VORLAGE SPEICHERN,СОХРАНИТЬ ПРЕСЕТ,SAVE PRESET,SAVE PRESET,SALVA PRESET,GUARDAR CONFIGURACION,ENREGISTRER LE PRÉRÉGLAGE,保存預設,SAVE PRESET,SAVE PRESET,保存预设,
STR_EXPANSION_MARKET_PRESETS_CLEAR_BUTTON_LABEL,CLEAR SELECTED,CLEAR SELECTED,CLEAR SELECTED,LÖSCHE AUSGEWÄHLTE,ОЧИСТИТЬ ВЫБРАННОЕ,CLEAR SELECTED,CLEAR SELECTED,CANCELLA SELEZIONATI,RESETEAR,EFFACER LA SÉLECTION,清除選擇,CLEAR SELECTED,CLEAR SELECTED,清除选择,
STR_EXPANSION_MARKET_PRESETS_CLOSE_BUTTON_LABEL,CLOSE,CLOSE,CLOSE,SCHLIESSEN,ЗАКРЫТЬ,CLOSE,CLOSE,CHIUDI,CERRAR,FERMER,關閉,CLOSE,CLOSE,关闭,
STR_EXPANSION_TRADER_BOARD_DESC,Trader Board,Trader Board,Cedule obchodníka,Händlerbrett,Вывеска продавца,Tablica Handlowa,Trader Board,Tabella dei Trader,Tablero de Comerciante,Tableau du Trader,交易區,Placa de Vendedor,トレーダー看板,交易区,
STR_EXPANSION_TRADER_BOARD,DayZ Expansion Trader Boards,DayZ Expansion Trader Boards,Cedule obchodníka DayZ Expansion,DayZ Expansion Händlerbrett,Вывески продавца DayZ Expansion,Tablica Handlowa DayZ Expansion,DayZ Expansion Trader Boards,Tabella dei Trader di DayZ Expansion,Tableros de Comerciantes de DayZ Expansion,Tableaux des TraderDayZ Expansion,DayZ Expansion 交易區,Vendedor DayZ Expansion Placas,DayZ Expansion トレーダー看板,DayZ Expansion 交易区,
STR_EXPANSION_SUPPLY_TRADER,Supply Trader,Supply Trader,Zásobovací obchodník,Versorgungshändler,Продавец припасов,Handlarz Zapasów,Supply Trader,Trader di Rifornimento,Comerciante de suministros,Trader de fournitures,支援商人,Vendedor de Suprimentos,物資トレーダー,支援商人,
STR_EXPANSION_ACCESSORIES_TRADER_SIGN,Accessories Trader Sign,Accessories Trader Sign,Cedule obchodníka s doplňky,Accessoireshändler Schild,Продавец аксессуаров (вывеска),Znak Handlarza Akcesoriów,Accessories Trader Sign,Insegna del Trader di Accessori,Cartel de comerciante de accesorios,Pancarte du Trader d'Accessoires,配件商人標記,Placa de Vendedor de Acessórios,アクセサリートレーダー看板,配件商人标记,
STR_EXPANSION_AIRCRAFT_TRADER_SIGN,Aircraft Trader Sign,Aircraft Trader Sign,Cedule obchodníka s letadly,Flugzeughändler Schild,Продавец авиации (вывеска),Znak Handlarza Pojazdów Latających,Aircraft Trader Sign,Insegna del Trader di Aerei,Cartel de comerciante de aeronaves,Pancarte du Trader d'Avions,航空器商人標記,Placa de Vendedor de Aeronaves,航空機トレーダー看板,航空器商人标记,
STR_EXPANSION_ATTACHMENT_TRADER_SIGN,Attachments Trader Sign,Attachments Trader Sign,Cedule obchodníka s přídavky,Zubehörhändler Schild,Продавец оружейных приспособлений (вывеска),Znak Handlarza Dodatków,Attachments Trader Sign,Insegna del Trader di Accessori per armi,Cartel de comerciante de accesorios de arma,Pancarte du Trader d'Accessoires d'Armes,附件商人標記,Placa de Vendedor Acessório de Armas,アタッチメントトレーダー看板,附件商人标记,
STR_EXPANSION_BANDIT_ZONE_TRADER_SIGN,Bandit Trader-Zone Sign,Bandit Trader-Zone Sign,Cedule obchodníka bandity,Banditen Händlerzonen Schild,Продавец для бандитов (вывеска),Znak Strefy Handlowej Dla Bandytów,Bandit Trader-Zone Sign,Insegna della Zona Trader dei Banditi,Cartel de zona de comerciantes de bandidos,Pancarte de la Zone de Commerce pour Bandits,土匪交易區標記,Placa de Vendedor Bandido,バンディットトレーダーゾーン看板,土匪交易区标记,
STR_EXPANSION_CAR_TRADER_SIGN,Cars Trader Sign,Cars Trader Sign,Cedule obchodníka s vehikly,Autohändler Schild,Продавец машин (вывеска),Znak Handlarza Samochodów,Cars Trader Sign,Insegna del Trader di Auto,Cartel de comerciante de autos,Pancarte du Trader de Voitures,車輛商人標記,Placa de Vendedor de Carros,車両トレーダー看板,车辆商人标记,
STR_EXPANSION_CLOTHING_TRADER_SIGN,Clothing Trader Sign,Clothing Trader Sign,Cedule obchodníka s oblečením,Kleidungshändler Schild,Продавец одежды (вывеска),Znak Handlarza Ubrań,Clothing Trader Sign,Insegna del Trader di Abiti,Cartel de comerciante de ropa,Pancarte du Trader de Vêtements,服裝商人標記,Placa de Vendendor de Roupas,衣類トレーダー看板,服装商人标记,
STR_EXPANSION_COMPONENTS_TRADER_SIGN,Components Trader Sign,Components Trader Sign,Cedule obchodníka s komponentami,Komponentenhändler Schild,Продавец компонентов (вывеска),Znak Handlarza Różności,Components Trader Sign,Insegna del Trader di Componentistica,Cartel de comerciante de componentes,Pancarte du Trader de Composants,組件商人標記,Placa de Vendendor de Componentes,部品トレーダー看板,组件商人标记,
STR_EXPANSION_CONSUMABLES_TRADER_SIGN,Consumables Trader Sign,Consumables Trader Sign,Cedule obchodníka s jídlem,Konsumentenhändler Schild,Продавец еды (вывеска),Znak Handlarza Materiałów Eksploatacyjnych,Consumables Trader Sign,Insegna del Trader di Consumabili,Cartel de comerciante de consumibles,Pancarte du Trader de Consommables,消耗品商人標記,Placa de Vendedor de Consumíveis,消耗品トレーダー看板,消耗品商人标记,
STR_EXPANSION_EXCHANGE_TRADER_SIGN,Exchange Trader Sign,Exchange Trader Sign,Cedule obchodníka se směnárnou,Wechselhändler Schild,Продавец валюты (вывеска),Znak Handlarza Wymiennego,Exchange Trader Sign,Insegna del Trader di Scambio,Cartel de comerciante de intercambio,Pancarte du Trader de Change,交換商人標記,Placa de Negociante,交換トレーダー看板,交换商人标记,
STR_EXPANSION_HERO_TRADER_SIGN,Hero Trader-Zone Sign,Hero Trader-Zone Sign,Cedule obchodníka hrdiny,Helden Händlerzonen Schild,Продавец для героев (вывеска),Znak Strefy Handlowej Dla Bohaterów,Hero Trader-Zone Sign,Insegna della Zona Trader degli Eroi,Cartel de zona de comerciantes de heroes,Pancarte de la Zone de Commerce pour Héro,英雄交易區標記,Placa de Vendedor Herói,ヒーロートレーダーゾーン看板,英雄交易区标记,
STR_EXPANSION_MEDICALS_TRADER_SIGN,Medicals Trader Sign,Medicals Trader Sign,Cedule obchodníka s léky,Medizinhändler Schild,Продавец медицины (вывеска),Znak Handlarza Medykamentów,Medicals Trader Sign,Insegna del Trader Medico,Cartel de comerciante de suplementos medicos,Pancarte du Trader de Ressources Médicales,藥品商人標記,Placa de Vendedor Médico,医療品トレーダー看板,药品商人标记,
STR_EXPANSION_SPECIAL_TRADER_SIGN,Special Trader Sign,Special Trader Sign,Cedule speciálního obchodníka,Spezialhänder Schild,Особый продавец (вывеска),Znak Handlarza Przedmiotów Specjalnych,Special Trader Sign,Insegna del Trader Speciale,Cartel de comerciante especial,Pancarte du Trader Spécial,特別商人標記,Placa de Vendedor Especial,特殊トレーダー看板,特别商人标记,
STR_EXPANSION_VEHICLES_TRADER_SIGN,Vehicles Trader Sign,Vehicles Trader Sign,Cedule obchodníka s vehikly,Fahrzeughändler Schild,Продавец техники (вывеска),Znak Handlarza Pojazdów,Vehicles Trader Sign,Insegna del Trader di Veicoli,Cartel de comerciante de vehículos,Pancarte du Trader de Véhicules,車輛商人標記,Placa de Vendedor de Veículos,乗物トレーダー看板,车辆商人标记,
STR_EXPANSION_VEHICLES_PARTS_TRADER_SIGN,Vehicle-Parts Trader Sign,Vehicle-Parts Trader Sign,Cedule obchodníka s vehikl party,Fahrzeugteilehändler Schild,Продавец запчастей для машин (вывеска),Znak Handlarza Częściami Pojazdów,Vehicle-Parts Trader Sign,Insegna del Trader di Parti di Veicoli,Cartel de comerciante de partes de vehículos,Pancarte du Trader de Pièces Détachées,汽車配件商人標記,Placa de Vendedor de Partes de Veículos,乗物部品トレーダー看板,汽车配件商人标记,
STR_EXPANSION_WEAPONS_TRADER_SIGN,Weapons Trader Sign,Weapons Trader Sign,Cedule obchodníka se zbraněmi,Waffehändler Schild,Продавец оружия (вывеска),Znak Handlarza Bronią,Weapons Trader Sign,Insegna del Trader di Armi,Cartel de comerciante de armas,Pancarte du Trader d'Armes,武器商人標記,Placa de Armeiro,武器トレーダー看板,武器商人标记,
STR_EXPANSION_BOATS_TRADER_SIGN,Boats Trader Sign,Boats Trader Sign,Cedule obchodníka s loděmi,Boothändler Schild,Продавец лодок (вывеска),Znak Handlarza Łodziami,Boats Trader Sign,Insegna del Trader di Barche,Cartel de comerciante de botes,Pancarte du Trader de Bateaux,船舶商人標記,Placa de Vendedor de Barcos,船舶トレーダー看板,船舶商人标记,
STR_EXPANSION_FISHING_TRADER_SIGN,Fishing Trader Sign,Fishing Trader Sign,Cedule obchodníka s rybářskými potřebami,Angelhänder Schild,Продавец снастей (вывеска),Znak Handlarza Rybołówstwa,Fishing Trader Sign,Insegna del Trader di Pesca,Cartel de comerciante de pesca,Pancarte du Trader de Pêche,釣魚商人標記,Placa de Vendedor de Peixe,釣り具トレーダー看板,钓鱼商人标记,
STR_EXPANSION_SPAWNZONE_TRADER_SIGN,Spawn-Zone Trader Sign,Spawn-Zone Trader Sign,Cedule spawn oblasti obchodníka,Spawn-Zonenhändler Schild,Спавн-зона (вывеска),Znak Handlu Dla Strefy Początkowej,Spawn-Zone Trader Sign,Insegna del Trader della Zona di Spawn,Cartel de comerciante de zona de spawn,Pancarte de la Zone de Commere du Spawn,生成-交易區標記,Placa Zona de Surgimento,沸き位置ゾーントレーダー看板,生成-交易区标记,
STR_EXPANSION_UPPERCASE_SEARCH,SEARCH,SEARCH,VYHLEDAT,SUCHE,ПОИСК,SZUKAJ,SEARCH,CERCA,BUSCAR,RECHERCHER,搜索,BUSCAR,検索,搜索,
STR_EXPANSION_CfgVestHolster,Holsters,Holsters,Holsters,Halfter,Кобуры,Holsters,Holsters,Fondine,Holsters,Étuis,皮套,Holsters,Holsters,皮套,
STR_EXPANSION_CfgVestPatch,Patches,Patches,Patches,Abzeichen,Патчи,Patches,Patches,Toppe,Patches,Patchs,補丁,Patches,Patches,补丁,
STR_EXPANSION_CfgRail0,Rails,Rails,Rails,Schienen,Рельсы,Rails,Rails,Rotaie,Rails,Rails,導軌,Rails,Rails,导轨,
STR_EXPANSION_CfgSwitch0,Switchables,Switchables,Switchables,Schaltbares,Переключаемые устройства,Switchables,Switchables,Coltelli a Serramanico,Switchables,Switchables,可切換,Switchables,Switchables,可切换,
STR_EXPANSION_CfgOther0,Others,Others,Others,Andere,Другое,Others,Others,Altro,Others,Autres,其他,Others,Others,其他,
